owner_source,owner_locator,owner_id,owner_requirement,scope,cm_cluster,current_owning_module,current_ui_component,read_path,write_action_path,canonical_producer,api_service,persistence_evidence,authorization_capability,test_evidence,current_result,qualification
Finance : Invoice Module (3).docx,"Table 1, row 10 / T1R10",T1R10,Invoice ↔ milestone linkage,BOUNDARY,CM13 Contract→Finance context / invoice trigger,Contract + owning module,Operations & Billing,GET .../{id}/billing-context,Navigation/deep link to Billing; Contract does not mutate invoices/payments,Billing read model,contract_workspace.py + contract_workspace_routers.py,canonical readback / append-only audit / owning-domain record,CONTRACT_READ (Billing owns mutation),test_admin_contract_owner_session.py,CROSS_MODULE_PASS,Contract exposes the owning module projection/deep link and does not duplicate that module's canonical state machine.
Finance : Invoice Module (3).docx,"Table 1, row 17 / T1R17",T1R17,Design invoice triggered by project milestone,BOUNDARY,CM13 Contract→Finance context / invoice trigger,Contract + owning module,Operations & Billing,GET .../{id}/billing-context,Navigation/deep link to Billing; Contract does not mutate invoices/payments,Billing read model,contract_workspace.py + contract_workspace_routers.py,canonical readback / append-only audit / owning-domain record,CONTRACT_READ (Billing owns mutation),test_admin_contract_owner_session.py,CROSS_MODULE_PASS,Contract exposes the owning module projection/deep link and does not duplicate that module's canonical state machine.
Finance : Invoice Module (3).docx,"Table 4, row 12 / T4R12",T4R12,Contract Currency,DIRECT,CM07 Contract terms / payment schedule / deliverables / client inputs,Contract,ContractRevisionEditor / ContractCommitments,GET /api/admin/contracts/{id},PATCH .../{id}; POST .../commercial-terms; .../deliverables; .../client-inputs,ContractRevision-bound commitment rows,contract_workspace.py + contract_workspace_routers.py,canonical readback / append-only audit / owning-domain record,CONTRACT_EDIT,test_admin_contract_owner_session.py,PASS,"Current exact-head Contract service/read model, capability enforcement, persistence/readback, and focused regression evidence cover this row."
Finance : Invoice Module (3).docx,"Table 4, row 16 / T4R16",T4R16,Contract Start Date,DIRECT,CM07 Contract terms / payment schedule / deliverables / client inputs,Contract,ContractRevisionEditor / ContractCommitments,GET /api/admin/contracts/{id},PATCH .../{id}; POST .../commercial-terms; .../deliverables; .../client-inputs,ContractRevision-bound commitment rows,contract_workspace.py + contract_workspace_routers.py,canonical readback / append-only audit / owning-domain record,CONTRACT_EDIT,test_admin_contract_owner_session.py,OWNER_INPUT_REQUIRED,Exact Contract start-date/period semantics remain an AMEC policy boundary; UI preserves the unresolved state without inventing a default.
Finance : Invoice Module (3).docx,"Table 4, row 17 / T4R17",T4R17,Contract End Date,DIRECT,CM07 Contract terms / payment schedule / deliverables / client inputs,Contract,ContractRevisionEditor / ContractCommitments,GET /api/admin/contracts/{id},PATCH .../{id}; POST .../commercial-terms; .../deliverables; .../client-inputs,ContractRevision-bound commitment rows,contract_workspace.py + contract_workspace_routers.py,canonical readback / append-only audit / owning-domain record,CONTRACT_EDIT,test_admin_contract_owner_session.py,PASS,"Current exact-head Contract service/read model, capability enforcement, persistence/readback, and focused regression evidence cover this row."
Finance : Invoice Module (3).docx,"Table 5, row 5 / T5R5",T5R5,Invoice linked to milestone,BOUNDARY,CM13 Contract→Finance context / invoice trigger,Contract + owning module,Operations & Billing,GET .../{id}/billing-context,Navigation/deep link to Billing; Contract does not mutate invoices/payments,Billing read model,contract_workspace.py + contract_workspace_routers.py,canonical readback / append-only audit / owning-domain record,CONTRACT_READ (Billing owns mutation),test_admin_contract_owner_session.py,CROSS_MODULE_PASS,Contract exposes the owning module projection/deep link and does not duplicate that module's canonical state machine.
Finance : Invoice Module (3).docx,"Table 5, row 6 / T5R6",T5R6,Milestone invoice amount,BOUNDARY,CM13 Contract→Finance context / invoice trigger,Contract + owning module,Operations & Billing,GET .../{id}/billing-context,Navigation/deep link to Billing; Contract does not mutate invoices/payments,Billing read model,contract_workspace.py + contract_workspace_routers.py,canonical readback / append-only audit / owning-domain record,CONTRACT_READ (Billing owns mutation),test_admin_contract_owner_session.py,CROSS_MODULE_PASS,Contract exposes the owning module projection/deep link and does not duplicate that module's canonical state machine.
Finance : Invoice Module (3).docx,"Table 6, row 3 / T6R3",T6R3,Design/project services,DIRECT,CM12 ServiceEngagement / Service Scope setup,Contract + owning module,ServiceScopeSetup / Handover,GET .../{id}/project-context,POST /api/handover/service-engagements (owning module),Handover ServiceEngagement,contract_workspace.py + contract_workspace_routers.py,canonical readback / append-only audit / owning-domain record,SERVICE_SCOPE_CREATE (Handover),test_handover_final_closure_bridge.py,CROSS_MODULE_PASS,Contract exposes the owning module projection/deep link and does not duplicate that module's canonical state machine.
Finance : Invoice Module (3).docx,"Table 7, row 2 / T7R2",T7R2,Create invoice from an eligible billing event/milestone,BOUNDARY,CM13 Contract→Finance context / invoice trigger,Contract + owning module,Operations & Billing,GET .../{id}/billing-context,Navigation/deep link to Billing; Contract does not mutate invoices/payments,Billing read model,contract_workspace.py + contract_workspace_routers.py,canonical readback / append-only audit / owning-domain record,CONTRACT_READ (Billing owns mutation),test_admin_contract_owner_session.py,CROSS_MODULE_PASS,Contract exposes the owning module projection/deep link and does not duplicate that module's canonical state machine.
Invoice : Contract  2 Module Requiremnents (3).docx,"Table 1, row 88 / 76",76,Commercially won/contracted project hands off to Engineering,BOUNDARY,CM14 Downstream Engineering/Permit handoff context,Contract + owning module,Project context / Handover,GET .../{id}/project-context,Owning Engineering/Permit handoff action,Engineering/Permit owning workflow,contract_workspace.py + contract_workspace_routers.py,canonical readback / append-only audit / owning-domain record,owning Engineering/Permit capability,test_handover_final_closure_bridge.py,CROSS_MODULE_PASS,Contract exposes the owning module projection/deep link and does not duplicate that module's canonical state machine.
Invoice : Contract  2 Module Requiremnents (3).docx,"Table 1, row 160 / 139",139,"Tender is optional, based on contracted scope",DIRECT,CM07 Contract terms / payment schedule / deliverables / client inputs,Contract,ContractRevisionEditor / ContractCommitments,GET /api/admin/contracts/{id},PATCH .../{id}; POST .../commercial-terms; .../deliverables; .../client-inputs,ContractRevision-bound commitment rows,contract_workspace.py + contract_workspace_routers.py,canonical readback / append-only audit / owning-domain record,CONTRACT_EDIT,test_admin_contract_owner_session.py,PASS,"Current exact-head Contract service/read model, capability enforcement, persistence/readback, and focused regression evidence cover this row."
Invoice : Contract  2 Module Requiremnents (3).docx,"Table 3, row 2 / INV-01",INV-01,Invoice must be created from the correct Project + service scope,DIRECT,CM12 ServiceEngagement / Service Scope setup,Contract + owning module,ServiceScopeSetup / Handover,GET .../{id}/project-context,POST /api/handover/service-engagements (owning module),Handover ServiceEngagement,contract_workspace.py + contract_workspace_routers.py,canonical readback / append-only audit / owning-domain record,SERVICE_SCOPE_CREATE (Handover),test_handover_final_closure_bridge.py,CROSS_MODULE_PASS,Contract exposes the owning module projection/deep link and does not duplicate that module's canonical state machine.
Invoice : Contract  2 Module Requiremnents (3).docx,"Table 4, row 3 / BILL-02",BILL-02,Supervision invoice should represent the preceding service month,DIRECT,CM12 ServiceEngagement / Service Scope setup,Contract + owning module,ServiceScopeSetup / Handover,GET .../{id}/project-context,POST /api/handover/service-engagements (owning module),Handover ServiceEngagement,contract_workspace.py + contract_workspace_routers.py,canonical readback / append-only audit / owning-domain record,SERVICE_SCOPE_CREATE (Handover),test_handover_final_closure_bridge.py,CROSS_MODULE_PASS,Contract exposes the owning module projection/deep link and does not duplicate that module's canonical state machine.
Invoice : Contract  2 Module Requiremnents (3).docx,"Table 4, row 4 / BILL-03",BILL-03,Design invoices must be triggered by actual contractual/project milestones,BOUNDARY,CM13 Contract→Finance context / invoice trigger,Contract + owning module,Operations & Billing,GET .../{id}/billing-context,Navigation/deep link to Billing; Contract does not mutate invoices/payments,Billing read model,contract_workspace.py + contract_workspace_routers.py,canonical readback / append-only audit / owning-domain record,CONTRACT_READ (Billing owns mutation),test_admin_contract_owner_session.py,CROSS_MODULE_PASS,Contract exposes the owning module projection/deep link and does not duplicate that module's canonical state machine.
Invoice : Contract  3 Module Requiremnents (3).docx,"Table 1, row 25 / 24",24,Missing document can remain outstanding,BOUNDARY,CM11 Client document collection / minimum Design handoff readiness,Contract,ContractSourceIntake / MissingDocumentFollowup,GET /api/admin/contracts/{id},POST .../documents/upload; POST .../missing-document-follow-up,DocumentVersion + readiness/work task,contract_workspace.py + contract_workspace_routers.py,canonical readback / append-only audit / owning-domain record,CONTRACT_EDIT,test_admin_contract_owner_session.py; test_handover_final_closure_bridge.py,PASS,"Current exact-head Contract service/read model, capability enforcement, persistence/readback, and focused regression evidence cover this row."
Invoice : Contract  3 Module Requiremnents (3).docx,"Table 1, row 33 / 32",32,Missing client document goes to client/owner,BOUNDARY,CM11 Client document collection / minimum Design handoff readiness,Contract,ContractSourceIntake / MissingDocumentFollowup,GET /api/admin/contracts/{id},POST .../documents/upload; POST .../missing-document-follow-up,DocumentVersion + readiness/work task,contract_workspace.py + contract_workspace_routers.py,canonical readback / append-only audit / owning-domain record,CONTRACT_EDIT,test_admin_contract_owner_session.py; test_handover_final_closure_bridge.py,PASS,"Current exact-head Contract service/read model, capability enforcement, persistence/readback, and focused regression evidence cover this row."
Invoice : Contract  3 Module Requiremnents (3).docx,"Table 1, row 97 / 96",96,Missing document remains visible as outstanding,BOUNDARY,CM11 Client document collection / minimum Design handoff readiness,Contract,ContractSourceIntake / MissingDocumentFollowup,GET /api/admin/contracts/{id},POST .../documents/upload; POST .../missing-document-follow-up,DocumentVersion + readiness/work task,contract_workspace.py + contract_workspace_routers.py,canonical readback / append-only audit / owning-domain record,CONTRACT_EDIT,test_admin_contract_owner_session.py; test_handover_final_closure_bridge.py,PASS,"Current exact-head Contract service/read model, capability enforcement, persistence/readback, and focused regression evidence cover this row."
Invoice : Contract  4 Module Requiremnents (3).docx,"Table 1, row 11 / T1R11",T1R11,Client document request tracking,BOUNDARY,CM11 Client document collection / minimum Design handoff readiness,Contract,ContractSourceIntake / MissingDocumentFollowup,GET /api/admin/contracts/{id},POST .../documents/upload; POST .../missing-document-follow-up,DocumentVersion + readiness/work task,contract_workspace.py + contract_workspace_routers.py,canonical readback / append-only audit / owning-domain record,CONTRACT_EDIT,test_admin_contract_owner_session.py; test_handover_final_closure_bridge.py,PASS,"Current exact-head Contract service/read model, capability enforcement, persistence/readback, and focused regression evidence cover this row."
Invoice : Contract  Module Requiremnents (5).docx,"Table 1, row 10 / INV-09",INV-09,Payment schedule is copied exactly from quotation/contract,DIRECT,CM07 Contract terms / payment schedule / deliverables / client inputs,Contract,ContractRevisionEditor / ContractCommitments,GET /api/admin/contracts/{id},PATCH .../{id}; POST .../commercial-terms; .../deliverables; .../client-inputs,ContractRevision-bound commitment rows,contract_workspace.py + contract_workspace_routers.py,canonical readback / append-only audit / owning-domain record,CONTRACT_EDIT,test_admin_contract_owner_session.py,PASS,"Current exact-head Contract service/read model, capability enforcement, persistence/readback, and focused regression evidence cover this row."
Invoice : Contract  Module Requiremnents (5).docx,"Table 2, row 10 / INV-24",INV-24,Invoice shows complete contract amount,DIRECT,CM07 Contract terms / payment schedule / deliverables / client inputs,Contract,ContractRevisionEditor / ContractCommitments,GET /api/admin/contracts/{id},PATCH .../{id}; POST .../commercial-terms; .../deliverables; .../client-inputs,ContractRevision-bound commitment rows,contract_workspace.py + contract_workspace_routers.py,canonical readback / append-only audit / owning-domain record,CONTRACT_EDIT,test_admin_contract_owner_session.py,PASS,"Current exact-head Contract service/read model, capability enforcement, persistence/readback, and focused regression evidence cover this row."
Invoice : Contract  Module Requiremnents (5).docx,"Table 2, row 18 / INV-32",INV-32,Remaining contract balance is understandable to client,DIRECT,CM15 Authorization/forms sent with Contract / AI assist,Contract,FormsAndAuthorizations / Intelligence,GET /api/admin/contracts/{id}; GET /api/admin/forms,Content Library owns governed Form mutations,Master Content / Forms projection,contract_workspace.py + contract_workspace_routers.py,canonical readback / append-only audit / owning-domain record,CONTRACT_READ + Content Library policy,test_source15_current_contract_controls.py; test_admin_contract_owner_session.py,PASS,"Current exact-head Contract service/read model, capability enforcement, persistence/readback, and focused regression evidence cover this row."
Invoice : Contract  Module Requiremnents (5).docx,"Table 6, row 15 / INV-82",INV-82,Invoice reference attached to billed milestone,BOUNDARY,CM13 Contract→Finance context / invoice trigger,Contract + owning module,Operations & Billing,GET .../{id}/billing-context,Navigation/deep link to Billing; Contract does not mutate invoices/payments,Billing read model,contract_workspace.py + contract_workspace_routers.py,canonical readback / append-only audit / owning-domain record,CONTRACT_READ (Billing owns mutation),test_admin_contract_owner_session.py,CROSS_MODULE_PASS,Contract exposes the owning module projection/deep link and does not duplicate that module's canonical state machine.
Invoice : Contract  Module Requiremnents (5).docx,"Table 14, row 2 / T14R2",T14R2,"Invoice originates from accepted commercial authority; target state is Contract-driven, with any legacy quotation-only route explicitly governed",DIRECT,CM05 Authority / executive review and explicit Contract acceptance,Contract,Review,GET .../{id}/readiness,POST .../authority; POST .../accept,ContractRevision + ContractAcceptance snapshot,contract_workspace.py + contract_workspace_routers.py,canonical readback / append-only audit / owning-domain record,CONTRACT_REVIEW_AUTHORITY / CONTRACT_ACCEPT_AUTHORITY,test_admin_contract_owner_session.py,PASS,"Current exact-head Contract service/read model, capability enforcement, persistence/readback, and focused regression evidence cover this row."
Invoice : Contract  Module Requiremnents (5).docx,"Table 14, row 5 / T14R5",T14R5,Project gets standard commercial/evidence structure and retained source proposal/contract,DIRECT,CM01 Proposal→Contract accepted commercial baseline,Contract,ContractRegister / Commercial,GET /api/admin/contracts/{id},POST /api/admin/contracts/from-proposal/{proposal_id}; PATCH /api/admin/contracts/{id},AcceptedProposalRevision + ContractRevision,contract_workspace.py + contract_workspace_routers.py,canonical readback / append-only audit / owning-domain record,CONTRACT_EDIT / CONTRACT_READ,test_admin_contract_owner_session.py; proposals-contract tests,PASS,"Current exact-head Contract service/read model, capability enforcement, persistence/readback, and focused regression evidence cover this row."
Invoice : Contract  Module Requiremnents (5).docx,"Table 14, row 8 / T14R8",T14R8,"Client, project, contract amount, full payment context, previous paid installments, current requested installment, payable amount numeric + words, bank instructions, dates",DIRECT,CM07 Contract terms / payment schedule / deliverables / client inputs,Contract,ContractRevisionEditor / ContractCommitments,GET /api/admin/contracts/{id},PATCH .../{id}; POST .../commercial-terms; .../deliverables; .../client-inputs,ContractRevision-bound commitment rows,contract_workspace.py + contract_workspace_routers.py,canonical readback / append-only audit / owning-domain record,CONTRACT_EDIT,test_admin_contract_owner_session.py,PASS,"Current exact-head Contract service/read model, capability enforcement, persistence/readback, and focused regression evidence cover this row."
Invoice : Contract  Module Requiremnents (5).docx,"Table 14, row 10 / T14R10",T14R10,Project/Design Manager indicates applicable milestone readiness; Accounting prepares invoice from contractual terms,BOUNDARY,CM13 Contract→Finance context / invoice trigger,Contract + owning module,Operations & Billing,GET .../{id}/billing-context,Navigation/deep link to Billing; Contract does not mutate invoices/payments,Billing read model,contract_workspace.py + contract_workspace_routers.py,canonical readback / append-only audit / owning-domain record,CONTRACT_READ (Billing owns mutation),test_admin_contract_owner_session.py,CROSS_MODULE_PASS,Contract exposes the owning module projection/deep link and does not duplicate that module's canonical state machine.
Invoice : Contract  Module Requiremnents (5).docx,"Table 14, row 15 / T14R15",T14R15,"Project identity/context, client, PM, currency, contract value, project cost/expenses, status, received, balance, milestone forecasts, invoice references, receipt IDs, actual collections",BOUNDARY,CM13 Contract→Finance context / invoice trigger,Contract + owning module,Operations & Billing,GET .../{id}/billing-context,Navigation/deep link to Billing; Contract does not mutate invoices/payments,Billing read model,contract_workspace.py + contract_workspace_routers.py,canonical readback / append-only audit / owning-domain record,CONTRACT_READ (Billing owns mutation),test_admin_contract_owner_session.py,CROSS_MODULE_PASS,Contract exposes the owning module projection/deep link and does not duplicate that module's canonical state machine.
Invoice : Contract  Module Requiremnents (5).docx,"Table 14, row 16 / T14R16",T14R16,Expected collection dates may change; contractual amount does not; actor/source/history must remain auditable,DIRECT,CM15 Authorization/forms sent with Contract / AI assist,Contract,FormsAndAuthorizations / Intelligence,GET /api/admin/contracts/{id}; GET /api/admin/forms,Content Library owns governed Form mutations,Master Content / Forms projection,contract_workspace.py + contract_workspace_routers.py,canonical readback / append-only audit / owning-domain record,CONTRACT_READ + Content Library policy,test_source15_current_contract_controls.py; test_admin_contract_owner_session.py,PASS,"Current exact-head Contract service/read model, capability enforcement, persistence/readback, and focused regression evidence cover this row."
overall flow(3).docx,"Table 1, row 10 / OF-09",OF-09,Downstream office delivery does not start while commercial Proposal is still unaccepted,DIRECT,CM01 Proposal→Contract accepted commercial baseline,Contract,ContractRegister / Commercial,GET /api/admin/contracts/{id},POST /api/admin/contracts/from-proposal/{proposal_id}; PATCH /api/admin/contracts/{id},AcceptedProposalRevision + ContractRevision,contract_workspace.py + contract_workspace_routers.py,canonical readback / append-only audit / owning-domain record,CONTRACT_EDIT / CONTRACT_READ,test_admin_contract_owner_session.py; proposals-contract tests,PASS,"Current exact-head Contract service/read model, capability enforcement, persistence/readback, and focused regression evidence cover this row."
overall flow(3).docx,"Table 1, row 11 / OF-10",OF-10,Client may accept through signed Proposal,DIRECT,CM01 Proposal→Contract accepted commercial baseline,Contract,ContractRegister / Commercial,GET /api/admin/contracts/{id},POST /api/admin/contracts/from-proposal/{proposal_id}; PATCH /api/admin/contracts/{id},AcceptedProposalRevision + ContractRevision,contract_workspace.py + contract_workspace_routers.py,canonical readback / append-only audit / owning-domain record,CONTRACT_EDIT / CONTRACT_READ,test_admin_contract_owner_session.py; proposals-contract tests,PASS,"Current exact-head Contract service/read model, capability enforcement, persistence/readback, and focused regression evidence cover this row."
overall flow(3).docx,"Table 1, row 12 / OF-11",OF-11,Corporate client may issue PO/LPO instead,DIRECT,CM01 Proposal→Contract accepted commercial baseline,Contract,ContractRegister / Commercial,GET /api/admin/contracts/{id},POST /api/admin/contracts/from-proposal/{proposal_id}; PATCH /api/admin/contracts/{id},AcceptedProposalRevision + ContractRevision,contract_workspace.py + contract_workspace_routers.py,canonical readback / append-only audit / owning-domain record,CONTRACT_EDIT / CONTRACT_READ,test_admin_contract_owner_session.py; proposals-contract tests,FAIL,Contract origin requires accepted Proposal revision; alternate signed Proposal/PO/LPO acceptance path is not implemented.
overall flow(3).docx,"Table 1, row 13 / OF-12",OF-12,Client acceptance evidence must be retained,DIRECT,CM01 Proposal→Contract accepted commercial baseline,Contract,ContractRegister / Commercial,GET /api/admin/contracts/{id},POST /api/admin/contracts/from-proposal/{proposal_id}; PATCH /api/admin/contracts/{id},AcceptedProposalRevision + ContractRevision,contract_workspace.py + contract_workspace_routers.py,canonical readback / append-only audit / owning-domain record,CONTRACT_EDIT / CONTRACT_READ,test_admin_contract_owner_session.py; proposals-contract tests,PASS,"Current exact-head Contract service/read model, capability enforcement, persistence/readback, and focused regression evidence cover this row."
overall flow(3).docx,"Table 1, row 14 / OF-13",OF-13,LPO must be checked against AMEC Proposal before downstream Contract,DIRECT,CM01 Proposal→Contract accepted commercial baseline,Contract,ContractRegister / Commercial,GET /api/admin/contracts/{id},POST /api/admin/contracts/from-proposal/{proposal_id}; PATCH /api/admin/contracts/{id},AcceptedProposalRevision + ContractRevision,contract_workspace.py + contract_workspace_routers.py,canonical readback / append-only audit / owning-domain record,CONTRACT_EDIT / CONTRACT_READ,test_admin_contract_owner_session.py; proposals-contract tests,PASS,"Current exact-head Contract service/read model, capability enforcement, persistence/readback, and focused regression evidence cover this row."
overall flow(3).docx,"Table 1, row 15 / OF-14",OF-14,Differences such as payment 50% vs 40% must block silent handoff,DIRECT,CM01 Proposal→Contract accepted commercial baseline,Contract,ContractRegister / Commercial,GET /api/admin/contracts/{id},POST /api/admin/contracts/from-proposal/{proposal_id}; PATCH /api/admin/contracts/{id},AcceptedProposalRevision + ContractRevision,contract_workspace.py + contract_workspace_routers.py,canonical readback / append-only audit / owning-domain record,CONTRACT_EDIT / CONTRACT_READ,test_admin_contract_owner_session.py; proposals-contract tests,PASS,"Current exact-head Contract service/read model, capability enforcement, persistence/readback, and focused regression evidence cover this row."
overall flow(3).docx,"Table 1, row 16 / OF-15",OF-15,"Client comments/changes require revised commercial review, not silent overwrite",DIRECT,CM01 Proposal→Contract accepted commercial baseline,Contract,ContractRegister / Commercial,GET /api/admin/contracts/{id},POST /api/admin/contracts/from-proposal/{proposal_id}; PATCH /api/admin/contracts/{id},AcceptedProposalRevision + ContractRevision,contract_workspace.py + contract_workspace_routers.py,canonical readback / append-only audit / owning-domain record,CONTRACT_EDIT / CONTRACT_READ,test_admin_contract_owner_session.py; proposals-contract tests,PASS,"Current exact-head Contract service/read model, capability enforcement, persistence/readback, and focused regression evidence cover this row."
overall flow(3).docx,"Table 2, row 2 / OF-16",OF-16,Contract starts only after accepted Proposal/client commercial response,DIRECT,CM01 Proposal→Contract accepted commercial baseline,Contract,ContractRegister / Commercial,GET /api/admin/contracts/{id},POST /api/admin/contracts/from-proposal/{proposal_id}; PATCH /api/admin/contracts/{id},AcceptedProposalRevision + ContractRevision,contract_workspace.py + contract_workspace_routers.py,canonical readback / append-only audit / owning-domain record,CONTRACT_EDIT / CONTRACT_READ,test_admin_contract_owner_session.py; proposals-contract tests,PASS,"Current exact-head Contract service/read model, capability enforcement, persistence/readback, and focused regression evidence cover this row."
overall flow(3).docx,"Table 2, row 3 / OF-17",OF-17,Contract uses a controlled standard form/template,DIRECT,CM02 Controlled Contract template / generation,Contract,ContractSourceIntake / Forms,GET /api/admin/contracts/{id},POST /api/admin/contracts/{id}/documents/upload,MasterContentItem + ContractTemplateSnapshot,contract_workspace.py + contract_workspace_routers.py,canonical readback / append-only audit / owning-domain record,CONTRACT_EDIT,test_admin_contract_owner_session.py; Content Library tests,PASS,"Current exact-head Contract service/read model, capability enforcement, persistence/readback, and focused regression evidence cover this row."
overall flow(3).docx,"Table 2, row 4 / OF-18",OF-18,Client/project/payment data are populated from accepted Proposal/commercial data,DIRECT,CM01 Proposal→Contract accepted commercial baseline,Contract,ContractRegister / Commercial,GET /api/admin/contracts/{id},POST /api/admin/contracts/from-proposal/{proposal_id}; PATCH /api/admin/contracts/{id},AcceptedProposalRevision + ContractRevision,contract_workspace.py + contract_workspace_routers.py,canonical readback / append-only audit / owning-domain record,CONTRACT_EDIT / CONTRACT_READ,test_admin_contract_owner_session.py; proposals-contract tests,PASS,"Current exact-head Contract service/read model, capability enforcement, persistence/readback, and focused regression evidence cover this row."
overall flow(3).docx,"Table 2, row 5 / OF-19",OF-19,AI may assist form population,DIRECT,CM02 Controlled Contract template / generation,Contract,ContractSourceIntake / Forms,GET /api/admin/contracts/{id},POST /api/admin/contracts/{id}/documents/upload,MasterContentItem + ContractTemplateSnapshot,contract_workspace.py + contract_workspace_routers.py,canonical readback / append-only audit / owning-domain record,CONTRACT_EDIT,test_admin_contract_owner_session.py; Content Library tests,PASS,"Current exact-head Contract service/read model, capability enforcement, persistence/readback, and focused regression evidence cover this row."
overall flow(3).docx,"Table 2, row 6 / OF-20",OF-20,Contract preparer checks generated contract,DIRECT,CM02 Controlled Contract template / generation,Contract,ContractSourceIntake / Forms,GET /api/admin/contracts/{id},POST /api/admin/contracts/{id}/documents/upload,MasterContentItem + ContractTemplateSnapshot,contract_workspace.py + contract_workspace_routers.py,canonical readback / append-only audit / owning-domain record,CONTRACT_EDIT,test_admin_contract_owner_session.py; Content Library tests,PASS,"Current exact-head Contract service/read model, capability enforcement, persistence/readback, and focused regression evidence cover this row."
overall flow(3).docx,"Table 2, row 7 / OF-21",OF-21,A second independent reviewer checks Contract against Proposal,DIRECT,CM01 Proposal→Contract accepted commercial baseline,Contract,ContractRegister / Commercial,GET /api/admin/contracts/{id},POST /api/admin/contracts/from-proposal/{proposal_id}; PATCH /api/admin/contracts/{id},AcceptedProposalRevision + ContractRevision,contract_workspace.py + contract_workspace_routers.py,canonical readback / append-only audit / owning-domain record,CONTRACT_EDIT / CONTRACT_READ,test_admin_contract_owner_session.py; proposals-contract tests,PASS,"Current exact-head Contract service/read model, capability enforcement, persistence/readback, and focused regression evidence cover this row."
overall flow(3).docx,"Table 2, row 8 / OF-22",OF-22,Contract is compared to governing Proposal terms before Executive review,DIRECT,CM01 Proposal→Contract accepted commercial baseline,Contract,ContractRegister / Commercial,GET /api/admin/contracts/{id},POST /api/admin/contracts/from-proposal/{proposal_id}; PATCH /api/admin/contracts/{id},AcceptedProposalRevision + ContractRevision,contract_workspace.py + contract_workspace_routers.py,canonical readback / append-only audit / owning-domain record,CONTRACT_EDIT / CONTRACT_READ,test_admin_contract_owner_session.py; proposals-contract tests,PASS,"Current exact-head Contract service/read model, capability enforcement, persistence/readback, and focused regression evidence cover this row."
overall flow(3).docx,"Table 2, row 9 / OF-23",OF-23,Executive Manager performs final review,DIRECT,CM05 Authority / executive review and explicit Contract acceptance,Contract,Review,GET .../{id}/readiness,POST .../authority; POST .../accept,ContractRevision + ContractAcceptance snapshot,contract_workspace.py + contract_workspace_routers.py,canonical readback / append-only audit / owning-domain record,CONTRACT_REVIEW_AUTHORITY / CONTRACT_ACCEPT_AUTHORITY,test_admin_contract_owner_session.py,PASS,"Current exact-head Contract service/read model, capability enforcement, persistence/readback, and focused regression evidence cover this row."
overall flow(3).docx,"Table 2, row 10 / OF-24",OF-24,Human signing is protected,DIRECT,CM05 Authority / executive review and explicit Contract acceptance,Contract,Review,GET .../{id}/readiness,POST .../authority; POST .../accept,ContractRevision + ContractAcceptance snapshot,contract_workspace.py + contract_workspace_routers.py,canonical readback / append-only audit / owning-domain record,CONTRACT_REVIEW_AUTHORITY / CONTRACT_ACCEPT_AUTHORITY,test_admin_contract_owner_session.py,PASS,"Current exact-head Contract service/read model, capability enforcement, persistence/readback, and focused regression evidence cover this row."
overall flow(3).docx,"Table 2, row 11 / OF-25",OF-25,Client receives executed copy,DIRECT,CM06 Executed/signed Contract evidence & client delivery,Contract,ContractExecutionHandoff,GET /api/admin/contracts/{id},POST .../executed-evidence; .../client-copy-distribution; .../operations-handoff,DocumentVersion + ContractAdminEvidence,contract_workspace.py + contract_workspace_routers.py,canonical readback / append-only audit / owning-domain record,CONTRACT_EXECUTION / CONTRACT_HANDOFF,test_admin_contract_owner_session.py; browser owner hardening,PASS,"Current exact-head Contract service/read model, capability enforcement, persistence/readback, and focused regression evidence cover this row."
overall flow(3).docx,"Table 2, row 12 / OF-26",OF-26,Internal executed Contract copy is retained,DIRECT,CM06 Executed/signed Contract evidence & client delivery,Contract,ContractExecutionHandoff,GET /api/admin/contracts/{id},POST .../executed-evidence; .../client-copy-distribution; .../operations-handoff,DocumentVersion + ContractAdminEvidence,contract_workspace.py + contract_workspace_routers.py,canonical readback / append-only audit / owning-domain record,CONTRACT_EXECUTION / CONTRACT_HANDOFF,test_admin_contract_owner_session.py; browser owner hardening,PASS,"Current exact-head Contract service/read model, capability enforcement, persistence/readback, and focused regression evidence cover this row."
overall flow(3).docx,"Table 2, row 13 / OF-27",OF-27,"Prepared, reviewed, signed states must remain separate",DIRECT,CM05 Authority / executive review and explicit Contract acceptance,Contract,Review,GET .../{id}/readiness,POST .../authority; POST .../accept,ContractRevision + ContractAcceptance snapshot,contract_workspace.py + contract_workspace_routers.py,canonical readback / append-only audit / owning-domain record,CONTRACT_REVIEW_AUTHORITY / CONTRACT_ACCEPT_AUTHORITY,test_admin_contract_owner_session.py,PASS,"Current exact-head Contract service/read model, capability enforcement, persistence/readback, and focused regression evidence cover this row."
overall flow(3).docx,"Table 2, row 14 / OF-28",OF-28,Operational manager receives signed Contract for execution monitoring,DIRECT,CM06 Executed/signed Contract evidence & client delivery,Contract,ContractExecutionHandoff,GET /api/admin/contracts/{id},POST .../executed-evidence; .../client-copy-distribution; .../operations-handoff,DocumentVersion + ContractAdminEvidence,contract_workspace.py + contract_workspace_routers.py,canonical readback / append-only audit / owning-domain record,CONTRACT_EXECUTION / CONTRACT_HANDOFF,test_admin_contract_owner_session.py; browser owner hardening,PASS,"Current exact-head Contract service/read model, capability enforcement, persistence/readback, and focused regression evidence cover this row."
overall flow(3).docx,"Table 3, row 2 / OF-29",OF-29,Record/know Contract start date,DIRECT,CM07 Contract terms / payment schedule / deliverables / client inputs,Contract,ContractRevisionEditor / ContractCommitments,GET /api/admin/contracts/{id},PATCH .../{id}; POST .../commercial-terms; .../deliverables; .../client-inputs,ContractRevision-bound commitment rows,contract_workspace.py + contract_workspace_routers.py,canonical readback / append-only audit / owning-domain record,CONTRACT_EDIT,test_admin_contract_owner_session.py,OWNER_INPUT_REQUIRED,Exact Contract start-date/period semantics remain an AMEC policy boundary; UI preserves the unresolved state without inventing a default.
overall flow(3).docx,"Table 3, row 3 / OF-30",OF-30,Record/know expected end date,DIRECT,CM07 Contract terms / schedule / dates,Contract,ContractRevisionEditor / ContractCommitments,GET /api/admin/contracts/{id},PATCH .../{id}; POST .../commercial-terms; .../deliverables; .../client-inputs,ContractRevision-bound commitment rows,contract_workspace.py + contract_workspace_routers.py,canonical readback / append-only audit / owning-domain record,CONTRACT_EDIT,test_admin_contract_owner_session.py,PASS,"Current exact-head Contract service/read model, capability enforcement, persistence/readback, and focused regression evidence cover this row."
overall flow(3).docx,"Table 3, row 4 / OF-31",OF-31,Track Project/authority reference,BOUNDARY,CM18 Canonical Project/Contract context,Contract + owning module,Overview / Sources,GET .../{id}/project-context,Owning Project/Client services,canonical Client/Project/Contract,contract_workspace.py + contract_workspace_routers.py,canonical readback / append-only audit / owning-domain record,CONTRACT_READ,test_admin_contract_owner_session.py,CROSS_MODULE_PASS,Contract exposes the owning module projection/deep link and does not duplicate that module's canonical state machine.
overall flow(3).docx,"Table 3, row 5 / OF-32",OF-32,Track active project stage/status,DIRECT,CM08 Operations handoff / contract operational monitoring,Contract + owning module,Operations,GET /api/admin/contracts/{id}/operations,Contract projection only; no complete alert/send mutation,Contract operations read model,contract_workspace.py + contract_workspace_routers.py,canonical readback / append-only audit / owning-domain record,CONTRACT_READ,test_contract_operational_contacts.py; browser owner hardening,CROSS_MODULE_PASS,Contract exposes the owning module projection/deep link and does not duplicate that module's canonical state machine.
overall flow(3).docx,"Table 3, row 6 / OF-33",OF-33,Track internal stage codes such as DC1/DC2,BOUNDARY,CM18 Canonical Project/Contract context,Contract + owning module,Overview / Sources,GET .../{id}/project-context,Owning Project/Client services,canonical Client/Project/Contract,contract_workspace.py + contract_workspace_routers.py,canonical readback / append-only audit / owning-domain record,CONTRACT_READ,test_admin_contract_owner_session.py,CROSS_MODULE_PASS,Contract exposes the owning module projection/deep link and does not duplicate that module's canonical state machine.
overall flow(3).docx,"Table 3, row 7 / OF-34",OF-34,Monitor Engineering progress,DIRECT,CM08 Operations handoff / contract operational monitoring,Contract,Operations,GET /api/admin/contracts/{id}/operations,Contract projection only; no complete alert/send mutation,Contract operations read model,contract_workspace.py + contract_workspace_routers.py,canonical readback / append-only audit / owning-domain record,CONTRACT_READ,test_contract_operational_contacts.py; browser owner hardening,FAIL,"Current operations projection exposes status/risk/next action, but proactive alert and client-stage communication workflow is absent."
overall flow(3).docx,"Table 3, row 8 / OF-35",OF-35,Monitor authority/system progression,DIRECT,CM08 Operations handoff / contract operational monitoring,Contract + owning module,Operations,GET /api/admin/contracts/{id}/operations,Contract projection only; no complete alert/send mutation,Contract operations read model,contract_workspace.py + contract_workspace_routers.py,canonical readback / append-only audit / owning-domain record,CONTRACT_READ,test_contract_operational_contacts.py; browser owner hardening,CROSS_MODULE_PASS,Contract exposes the owning module projection/deep link and does not duplicate that module's canonical state machine.
overall flow(3).docx,"Table 3, row 9 / OF-36",OF-36,Detect schedule risk before Contract end date,DIRECT,CM07 Contract terms / payment schedule / deliverables / client inputs,Contract,ContractRevisionEditor / ContractCommitments,GET /api/admin/contracts/{id},PATCH .../{id}; POST .../commercial-terms; .../deliverables; .../client-inputs,ContractRevision-bound commitment rows,contract_workspace.py + contract_workspace_routers.py,canonical readback / append-only audit / owning-domain record,CONTRACT_EDIT,test_admin_contract_owner_session.py,PASS,"Current exact-head Contract service/read model, capability enforcement, persistence/readback, and focused regression evidence cover this row."
overall flow(3).docx,"Table 3, row 10 / OF-37",OF-37,Proactively alert Executive/Design when project is falling behind,DIRECT,CM08 Operations handoff / contract operational monitoring,Contract,Operations,GET /api/admin/contracts/{id}/operations,Contract projection only; no complete alert/send mutation,Contract operations read model,contract_workspace.py + contract_workspace_routers.py,canonical readback / append-only audit / owning-domain record,CONTRACT_READ,test_contract_operational_contacts.py; browser owner hardening,FAIL,"Current operations projection exposes status/risk/next action, but proactive alert and client-stage communication workflow is absent."
overall flow(3).docx,"Table 3, row 11 / OF-38",OF-38,Do not wait until deadline has already been missed,DIRECT,CM08 Operations handoff / contract operational monitoring,Contract + owning module,Operations,GET /api/admin/contracts/{id}/operations,Contract projection only; no complete alert/send mutation,Contract operations read model,contract_workspace.py + contract_workspace_routers.py,canonical readback / append-only audit / owning-domain record,CONTRACT_READ,test_contract_operational_contacts.py; browser owner hardening,CROSS_MODULE_PASS,Contract exposes the owning module projection/deep link and does not duplicate that module's canonical state machine.
overall flow(3).docx,"Table 3, row 12 / OF-39",OF-39,"If delay threatens Contract period, initiate client Contract-extension action",DIRECT,CM07 Contract terms / payment schedule / deliverables / client inputs,Contract,ContractRevisionEditor / ContractCommitments,GET /api/admin/contracts/{id},PATCH .../{id}; POST .../commercial-terms; .../deliverables; .../client-inputs,ContractRevision-bound commitment rows,contract_workspace.py + contract_workspace_routers.py,canonical readback / append-only audit / owning-domain record,CONTRACT_EDIT,test_admin_contract_owner_session.py,PASS,"Current exact-head Contract service/read model, capability enforcement, persistence/readback, and focused regression evidence cover this row."
overall flow(3).docx,"Table 3, row 13 / OF-40",OF-40,Extension must preserve original Contract history,DIRECT,CM03 Contract revision / amendment / history,Contract,ContractExtensionPanel / History,GET /api/admin/contracts/{id}/operations,POST .../extension-requests; .../extension-decisions,ContractRevision + ContractAdminEvidence,contract_workspace.py + contract_workspace_routers.py,canonical readback / append-only audit / owning-domain record,CONTRACT_EDIT / CONTRACT_REVIEW_AUTHORITY,test_admin_contract_owner_session.py; browser owner hardening,PASS,"Current exact-head Contract service/read model, capability enforcement, persistence/readback, and focused regression evidence cover this row."
overall flow(3).docx,"Table 3, row 14 / OF-41",OF-41,Operations knows when invoice milestone becomes due,BOUNDARY,CM13 Contract→Finance context / invoice trigger,Contract + owning module,Operations & Billing,GET .../{id}/billing-context,Navigation/deep link to Billing; Contract does not mutate invoices/payments,Billing read model,contract_workspace.py + contract_workspace_routers.py,canonical readback / append-only audit / owning-domain record,CONTRACT_READ (Billing owns mutation),test_admin_contract_owner_session.py,CROSS_MODULE_PASS,Contract exposes the owning module projection/deep link and does not duplicate that module's canonical state machine.
overall flow(3).docx,"Table 3, row 15 / OF-42",OF-42,Operations proactively triggers invoice-preparation work,BOUNDARY,CM13 Contract→Finance context / invoice trigger,Contract + owning module,Operations & Billing,GET .../{id}/billing-context,Navigation/deep link to Billing; Contract does not mutate invoices/payments,Billing read model,contract_workspace.py + contract_workspace_routers.py,canonical readback / append-only audit / owning-domain record,CONTRACT_READ (Billing owns mutation),test_admin_contract_owner_session.py,CROSS_MODULE_PASS,Contract exposes the owning module projection/deep link and does not duplicate that module's canonical state machine.
overall flow(3).docx,"Table 3, row 16 / OF-43",OF-43,Operations monitors overdue invoice/collection follow-up,DIRECT,CM08 Operations handoff / contract operational monitoring,Contract + owning module,Operations,GET /api/admin/contracts/{id}/operations,Contract projection only; no complete alert/send mutation,Contract operations read model,contract_workspace.py + contract_workspace_routers.py,canonical readback / append-only audit / owning-domain record,CONTRACT_READ,test_contract_operational_contacts.py; browser owner hardening,CROSS_MODULE_PASS,Contract exposes the owning module projection/deep link and does not duplicate that module's canonical state machine.
overall flow(3).docx,"Table 3, row 17 / OF-44",OF-44,Escalate unresolved collection to appropriate human,BOUNDARY,CM13 Contract→Finance context / invoice trigger,Contract + owning module,Operations & Billing,GET .../{id}/billing-context,Navigation/deep link to Billing; Contract does not mutate invoices/payments,Billing read model,contract_workspace.py + contract_workspace_routers.py,canonical readback / append-only audit / owning-domain record,CONTRACT_READ (Billing owns mutation),test_admin_contract_owner_session.py,CROSS_MODULE_PASS,Contract exposes the owning module projection/deep link and does not duplicate that module's canonical state machine.
overall flow(3).docx,"Table 3, row 18 / OF-45",OF-45,Missing documents cannot sit unresolved for months,BOUNDARY,CM11 Client document collection / minimum Design handoff readiness,Contract,ContractSourceIntake / MissingDocumentFollowup,GET /api/admin/contracts/{id},POST .../documents/upload; POST .../missing-document-follow-up,DocumentVersion + readiness/work task,contract_workspace.py + contract_workspace_routers.py,canonical readback / append-only audit / owning-domain record,CONTRACT_EDIT,test_admin_contract_owner_session.py; test_handover_final_closure_bridge.py,PASS,"Current exact-head Contract service/read model, capability enforcement, persistence/readback, and focused regression evidence cover this row."
overall flow(3).docx,"Table 4, row 2 / OF-46",OF-46,"If Contract requires an advance, first payment term becomes pre-start commercial gate",DIRECT,CM07 Contract terms / payment schedule / deliverables / client inputs,Contract,ContractRevisionEditor / ContractCommitments,GET /api/admin/contracts/{id},PATCH .../{id}; POST .../commercial-terms; .../deliverables; .../client-inputs,ContractRevision-bound commitment rows,contract_workspace.py + contract_workspace_routers.py,canonical readback / append-only audit / owning-domain record,CONTRACT_EDIT,test_admin_contract_owner_session.py,PASS,"Current exact-head Contract service/read model, capability enforcement, persistence/readback, and focused regression evidence cover this row."
overall flow(3).docx,"Table 4, row 3 / OF-47",OF-47,First/advance invoice may need to exist before Project Activation,DIRECT,CM09 Advance / pre-start commercial gate,Contract + owning module,Mobilization,GET .../{id}/start-prerequisites; .../readiness-states,POST .../activate-project after readiness,Contract readiness/prerequisite projection,contract_workspace.py + contract_workspace_routers.py,canonical readback / append-only audit / owning-domain record,CONTRACT_READ / PROJECT_ACTIVATE,test_admin_contract_owner_session.py; test_contract_mobilization_gap_closure.py,CROSS_MODULE_PASS,Contract exposes the owning module projection/deep link and does not duplicate that module's canonical state machine.
overall flow(3).docx,"Table 4, row 4 / OF-48",OF-48,Human-verified receipt/allocation proves advance received,DIRECT,CM09 Advance / pre-start commercial gate,Contract + owning module,Mobilization,GET .../{id}/start-prerequisites; .../readiness-states,POST .../activate-project after readiness,Contract readiness/prerequisite projection,contract_workspace.py + contract_workspace_routers.py,canonical readback / append-only audit / owning-domain record,CONTRACT_READ / PROJECT_ACTIVATE,test_admin_contract_owner_session.py; test_contract_mobilization_gap_closure.py,CROSS_MODULE_PASS,Contract exposes the owning module projection/deep link and does not duplicate that module's canonical state machine.
overall flow(3).docx,"Table 4, row 5 / OF-49",OF-49,Only then should commercial Project Start become authorized where Contract requires it,DIRECT,CM10 Project Activation / Project Code / Start Date,Contract,Mobilization,GET .../{id}/activation,POST .../activate-project,ProjectActivation + Project,contract_workspace.py + contract_workspace_routers.py,canonical readback / append-only audit / owning-domain record,PROJECT_ACTIVATE,test_admin_contract_owner_session.py,PASS,"Current exact-head Contract service/read model, capability enforcement, persistence/readback, and focused regression evidence cover this row."
overall flow(3).docx,"Table 4, row 6 / OF-50",OF-50,Contracts without advance condition must not be artificially blocked,DIRECT,CM09 Advance / pre-start commercial gate,Contract + owning module,Mobilization,GET .../{id}/start-prerequisites; .../readiness-states,POST .../activate-project after readiness,Contract readiness/prerequisite projection,contract_workspace.py + contract_workspace_routers.py,canonical readback / append-only audit / owning-domain record,CONTRACT_READ / PROJECT_ACTIVATE,test_admin_contract_owner_session.py; test_contract_mobilization_gap_closure.py,CROSS_MODULE_PASS,Contract exposes the owning module projection/deep link and does not duplicate that module's canonical state machine.
overall flow(3).docx,"Table 4, row 7 / OF-51",OF-51,Bank/payment status and Project Activation remain distinct events,DIRECT,CM09 Advance / pre-start commercial gate,Contract + owning module,Mobilization,GET .../{id}/start-prerequisites; .../readiness-states,POST .../activate-project after readiness,Contract readiness/prerequisite projection,contract_workspace.py + contract_workspace_routers.py,canonical readback / append-only audit / owning-domain record,CONTRACT_READ / PROJECT_ACTIVATE,test_admin_contract_owner_session.py; test_contract_mobilization_gap_closure.py,CROSS_MODULE_PASS,Contract exposes the owning module projection/deep link and does not duplicate that module's canonical state machine.
overall flow(3).docx,"Table 5, row 2 / OF-52",OF-52,Admin owns client document collection,BOUNDARY,CM11 Client document collection / minimum Design handoff readiness,Contract,ContractSourceIntake / MissingDocumentFollowup,GET /api/admin/contracts/{id},POST .../documents/upload; POST .../missing-document-follow-up,DocumentVersion + readiness/work task,contract_workspace.py + contract_workspace_routers.py,canonical readback / append-only audit / owning-domain record,CONTRACT_EDIT,test_admin_contract_owner_session.py; test_handover_final_closure_bridge.py,PASS,"Current exact-head Contract service/read model, capability enforcement, persistence/readback, and focused regression evidence cover this row."
overall flow(3).docx,"Table 5, row 3 / OF-53",OF-53,Required document checklist originates from governing project/service context,BOUNDARY,CM11 Client document collection / minimum Design handoff readiness,Contract,ContractSourceIntake / MissingDocumentFollowup,GET /api/admin/contracts/{id},POST .../documents/upload; POST .../missing-document-follow-up,DocumentVersion + readiness/work task,contract_workspace.py + contract_workspace_routers.py,canonical readback / append-only audit / owning-domain record,CONTRACT_EDIT,test_admin_contract_owner_session.py; test_handover_final_closure_bridge.py,PASS,"Current exact-head Contract service/read model, capability enforcement, persistence/readback, and focused regression evidence cover this row."
overall flow(3).docx,"Table 5, row 4 / OF-54",OF-54,Missing documents generate client request,BOUNDARY,CM11 Client document collection / minimum Design handoff readiness,Contract,ContractSourceIntake / MissingDocumentFollowup,GET /api/admin/contracts/{id},POST .../documents/upload; POST .../missing-document-follow-up,DocumentVersion + readiness/work task,contract_workspace.py + contract_workspace_routers.py,canonical readback / append-only audit / owning-domain record,CONTRACT_EDIT,test_admin_contract_owner_session.py; test_handover_final_closure_bridge.py,PASS,"Current exact-head Contract service/read model, capability enforcement, persistence/readback, and focused regression evidence cover this row."
overall flow(3).docx,"Table 5, row 5 / OF-55",OF-55,Requests must be followed up/escalated,BOUNDARY,CM11 Client documents / readiness,Contract,ContractSourceIntake / MissingDocumentFollowup,GET /api/admin/contracts/{id},POST .../documents/upload; POST .../missing-document-follow-up,DocumentVersion + readiness/work task,contract_workspace.py + contract_workspace_routers.py,canonical readback / append-only audit / owning-domain record,CONTRACT_EDIT,test_admin_contract_owner_session.py; test_handover_final_closure_bridge.py,PASS,"Current exact-head Contract service/read model, capability enforcement, persistence/readback, and focused regression evidence cover this row."
overall flow(3).docx,"Table 5, row 6 / OF-56",OF-56,"Design has a minimum start package, not full submission package",BOUNDARY,CM11 Client document collection / minimum Design handoff readiness,Contract,ContractSourceIntake / MissingDocumentFollowup,GET /api/admin/contracts/{id},POST .../documents/upload; POST .../missing-document-follow-up,DocumentVersion + readiness/work task,contract_workspace.py + contract_workspace_routers.py,canonical readback / append-only audit / owning-domain record,CONTRACT_EDIT,test_admin_contract_owner_session.py; test_handover_final_closure_bridge.py,FAIL,"Current source intake/follow-up exists, but the exact minimum Design dossier and downstream gating are not modeled."
overall flow(3).docx,"Table 5, row 7 / OF-57",OF-57,Old drawings are minimum-start evidence where applicable,BOUNDARY,CM11 Client document collection / minimum Design handoff readiness,Contract,ContractSourceIntake / MissingDocumentFollowup,GET /api/admin/contracts/{id},POST .../documents/upload; POST .../missing-document-follow-up,DocumentVersion + readiness/work task,contract_workspace.py + contract_workspace_routers.py,canonical readback / append-only audit / owning-domain record,CONTRACT_EDIT,test_admin_contract_owner_session.py; test_handover_final_closure_bridge.py,FAIL,"Current source intake/follow-up exists, but the exact minimum Design dossier and downstream gating are not modeled."
overall flow(3).docx,"Table 5, row 8 / OF-58",OF-58,Site/project sketch is minimum-start evidence,BOUNDARY,CM11 Client document collection / minimum Design handoff readiness,Contract,ContractSourceIntake / MissingDocumentFollowup,GET /api/admin/contracts/{id},POST .../documents/upload; POST .../missing-document-follow-up,DocumentVersion + readiness/work task,contract_workspace.py + contract_workspace_routers.py,canonical readback / append-only audit / owning-domain record,CONTRACT_EDIT,test_admin_contract_owner_session.py; test_handover_final_closure_bridge.py,FAIL,"Current source intake/follow-up exists, but the exact minimum Design dossier and downstream gating are not modeled."
overall flow(3).docx,"Table 5, row 9 / OF-59",OF-59,Title deed is minimum-start evidence,BOUNDARY,CM11 Client document collection / minimum Design handoff readiness,Contract,ContractSourceIntake / MissingDocumentFollowup,GET /api/admin/contracts/{id},POST .../documents/upload; POST .../missing-document-follow-up,DocumentVersion + readiness/work task,contract_workspace.py + contract_workspace_routers.py,canonical readback / append-only audit / owning-domain record,CONTRACT_EDIT,test_admin_contract_owner_session.py; test_handover_final_closure_bridge.py,FAIL,"Current source intake/follow-up exists, but the exact minimum Design dossier and downstream gating are not modeled."
overall flow(3).docx,"Table 5, row 10 / OF-60",OF-60,Owner ID is minimum-start evidence,BOUNDARY,CM11 Client document collection / minimum Design handoff readiness,Contract,ContractSourceIntake / MissingDocumentFollowup,GET /api/admin/contracts/{id},POST .../documents/upload; POST .../missing-document-follow-up,DocumentVersion + readiness/work task,contract_workspace.py + contract_workspace_routers.py,canonical readback / append-only audit / owning-domain record,CONTRACT_EDIT,test_admin_contract_owner_session.py; test_handover_final_closure_bridge.py,FAIL,"Current source intake/follow-up exists, but the exact minimum Design dossier and downstream gating are not modeled."
overall flow(3).docx,"Table 5, row 11 / OF-61",OF-61,Remaining authority docs can be collected in parallel while Design progresses,BOUNDARY,CM11 Client document collection / minimum Design handoff readiness,Contract,ContractSourceIntake / MissingDocumentFollowup,GET /api/admin/contracts/{id},POST .../documents/upload; POST .../missing-document-follow-up,DocumentVersion + readiness/work task,contract_workspace.py + contract_workspace_routers.py,canonical readback / append-only audit / owning-domain record,CONTRACT_EDIT,test_admin_contract_owner_session.py; test_handover_final_closure_bridge.py,PASS,"Current exact-head Contract service/read model, capability enforcement, persistence/readback, and focused regression evidence cover this row."
overall flow(3).docx,"Table 5, row 12 / OF-62",OF-62,Engineering start must be blocked if minimum set is missing,BOUNDARY,CM11 Client documents / readiness,Contract,ContractSourceIntake / MissingDocumentFollowup,GET /api/admin/contracts/{id},POST .../documents/upload; POST .../missing-document-follow-up,DocumentVersion + readiness/work task,contract_workspace.py + contract_workspace_routers.py,canonical readback / append-only audit / owning-domain record,CONTRACT_EDIT,test_admin_contract_owner_session.py; test_handover_final_closure_bridge.py,FAIL,"Current source intake/follow-up exists, but the exact minimum Design dossier and downstream gating are not modeled."
overall flow(3).docx,"Table 5, row 13 / OF-63",OF-63,Full authority submission later requires complete package,BOUNDARY,CM11 Client document collection / minimum Design handoff readiness,Contract,ContractSourceIntake / MissingDocumentFollowup,GET /api/admin/contracts/{id},POST .../documents/upload; POST .../missing-document-follow-up,DocumentVersion + readiness/work task,contract_workspace.py + contract_workspace_routers.py,canonical readback / append-only audit / owning-domain record,CONTRACT_EDIT,test_admin_contract_owner_session.py; test_handover_final_closure_bridge.py,FAIL,"Current source intake/follow-up exists, but the exact minimum Design dossier and downstream gating are not modeled."
overall flow(3).docx,"Table 9, row 6 / OF-100",OF-100,Invoice preparer receives action,DIRECT,CM04 Maker / checker / independent review,Contract,Review,GET /api/admin/contracts/{id},POST .../checker,ContractRevision maker_checker,contract_workspace.py + contract_workspace_routers.py,canonical readback / append-only audit / owning-domain record,CONTRACT_CHECKER,test_admin_contract_owner_session.py,PASS,"Current exact-head Contract service/read model, capability enforcement, persistence/readback, and focused regression evidence cover this row."
overall flow(3).docx,"Table 10, row 11 / OF-112",OF-112,Contract closure occurs after Handover acceptance,BOUNDARY,CM16 Contract close / Handover closure boundary,Contract + owning module,Handover closure,GET /api/admin/contracts/{id}/operations,POST canonical Handover closure,Handover closure service,contract_workspace.py + contract_workspace_routers.py,canonical readback / append-only audit / owning-domain record,Handover closure capability,test_handover_admin_closeout.py; test_handover_final_closure_bridge.py,CROSS_MODULE_PASS,Contract exposes the owning module projection/deep link and does not duplicate that module's canonical state machine.
overall flow(3).docx,"Table 14, row 5 / T14R5",T14R5,Model pre-activation advance Invoice/collection as a conditional Contract rule using existing Billing policy capability,BOUNDARY,CM13 Contract→Finance context / invoice trigger,Contract + owning module,Operations & Billing,GET .../{id}/billing-context,Navigation/deep link to Billing; Contract does not mutate invoices/payments,Billing read model,contract_workspace.py + contract_workspace_routers.py,canonical readback / append-only audit / owning-domain record,CONTRACT_READ (Billing owns mutation),test_admin_contract_owner_session.py,CROSS_MODULE_PASS,Contract exposes the owning module projection/deep link and does not duplicate that module's canonical state machine.
overall flow 2(3).docx,"Table 1, row 16 / T1R16",T1R16,Authority case requires activated project,DIRECT,CM10 Project Activation / Project Code / Start Date,Contract,Mobilization,GET .../{id}/activation,POST .../activate-project,ProjectActivation + Project,contract_workspace.py + contract_workspace_routers.py,canonical readback / append-only audit / owning-domain record,PROJECT_ACTIVATE,test_admin_contract_owner_session.py,PASS,"Current exact-head Contract service/read model, capability enforcement, persistence/readback, and focused regression evidence cover this row."
overall flow 3(3).docx,"Table 3, row 14 / V3-28",V3-28,Client acceptance can be signed Proposal / PO,DIRECT,CM01 Proposal→Contract accepted commercial baseline,Contract,ContractRegister / Commercial,GET /api/admin/contracts/{id},POST /api/admin/contracts/from-proposal/{proposal_id}; PATCH /api/admin/contracts/{id},AcceptedProposalRevision + ContractRevision,contract_workspace.py + contract_workspace_routers.py,canonical readback / append-only audit / owning-domain record,CONTRACT_EDIT / CONTRACT_READ,test_admin_contract_owner_session.py; proposals-contract tests,PASS,"Current exact-head Contract service/read model, capability enforcement, persistence/readback, and focused regression evidence cover this row."
overall flow 3(3).docx,"Table 4, row 2 / V3-30",V3-30,Contract derives from accepted Proposal,DIRECT,CM01 Proposal→Contract accepted commercial baseline,Contract,ContractRegister / Commercial,GET /api/admin/contracts/{id},POST /api/admin/contracts/from-proposal/{proposal_id}; PATCH /api/admin/contracts/{id},AcceptedProposalRevision + ContractRevision,contract_workspace.py + contract_workspace_routers.py,canonical readback / append-only audit / owning-domain record,CONTRACT_EDIT / CONTRACT_READ,test_admin_contract_owner_session.py; proposals-contract tests,PASS,"Current exact-head Contract service/read model, capability enforcement, persistence/readback, and focused regression evidence cover this row."
overall flow 3(3).docx,"Table 4, row 9 / V3-37",V3-37,Forms should be delivered with Contract where possible,DIRECT,CM15 Authorization/forms sent with Contract / AI assist,Contract,FormsAndAuthorizations / Intelligence,GET /api/admin/contracts/{id}; GET /api/admin/forms,Content Library owns governed Form mutations,Master Content / Forms projection,contract_workspace.py + contract_workspace_routers.py,canonical readback / append-only audit / owning-domain record,CONTRACT_READ + Content Library policy,test_source15_current_contract_controls.py; test_admin_contract_owner_session.py,PASS,"Current exact-head Contract service/read model, capability enforcement, persistence/readback, and focused regression evidence cover this row."
overall flow 3(3).docx,"Table 4, row 12 / V3-40",V3-40,Signed Contract and Forms become exact evidence,DIRECT,CM06 Executed/signed Contract evidence & client delivery,Contract,ContractExecutionHandoff,GET /api/admin/contracts/{id},POST .../executed-evidence; .../client-copy-distribution; .../operations-handoff,DocumentVersion + ContractAdminEvidence,contract_workspace.py + contract_workspace_routers.py,canonical readback / append-only audit / owning-domain record,CONTRACT_EXECUTION / CONTRACT_HANDOFF,test_admin_contract_owner_session.py; browser owner hardening,PASS,"Current exact-head Contract service/read model, capability enforcement, persistence/readback, and focused regression evidence cover this row."
overall flow 3(3).docx,"Table 6, row 8 / V3-51",V3-51,Contractor materials require consultant review,DIRECT,CM04 Maker / checker / independent review,Contract,Review,GET /api/admin/contracts/{id},POST .../checker,ContractRevision maker_checker,contract_workspace.py + contract_workspace_routers.py,canonical readback / append-only audit / owning-domain record,CONTRACT_CHECKER,test_admin_contract_owner_session.py,PASS,"Current exact-head Contract service/read model, capability enforcement, persistence/readback, and focused regression evidence cover this row."
overall flow 3(3).docx,"Table 7, row 2 / V3-65",V3-65,Third-Party is a distinct service offering,DIRECT,CM12 ServiceEngagement / Service Scope setup,Contract + owning module,ServiceScopeSetup / Handover,GET .../{id}/project-context,POST /api/handover/service-engagements (owning module),Handover ServiceEngagement,contract_workspace.py + contract_workspace_routers.py,canonical readback / append-only audit / owning-domain record,SERVICE_SCOPE_CREATE (Handover),test_handover_final_closure_bridge.py,CROSS_MODULE_PASS,Contract exposes the owning module projection/deep link and does not duplicate that module's canonical state machine.
overall flow 3(3).docx,"Table 7, row 3 / V3-66",V3-66,It can concern a project where AMEC is not primary Consultant,DIRECT,CM12 Service scope / service-specific behavior,Contract + owning module,ServiceScopeSetup / Handover,GET .../{id}/project-context,POST /api/handover/service-engagements (owning module),Handover ServiceEngagement,contract_workspace.py + contract_workspace_routers.py,canonical readback / append-only audit / owning-domain record,SERVICE_SCOPE_CREATE (Handover),test_handover_final_closure_bridge.py,CROSS_MODULE_PASS,Contract exposes the owning module projection/deep link and does not duplicate that module's canonical state machine.
overall flow 3(3).docx,"Table 7, row 4 / V3-67",V3-67,Scope must be tightly bounded,DIRECT,CM12 Service scope / service-specific behavior,Contract + owning module,ServiceScopeSetup / Handover,GET .../{id}/project-context,POST /api/handover/service-engagements (owning module),Handover ServiceEngagement,contract_workspace.py + contract_workspace_routers.py,canonical readback / append-only audit / owning-domain record,SERVICE_SCOPE_CREATE (Handover),test_handover_final_closure_bridge.py,CROSS_MODULE_PASS,Contract exposes the owning module projection/deep link and does not duplicate that module's canonical state machine.
overall flow 3(3).docx,"Table 7, row 11 / V3-74",V3-74,Payment can be lump-sum/upfront according to Contract,DIRECT,CM12 ServiceEngagement / Service Scope setup,Contract + owning module,ServiceScopeSetup / Handover,GET .../{id}/project-context,POST /api/handover/service-engagements (owning module),Handover ServiceEngagement,contract_workspace.py + contract_workspace_routers.py,canonical readback / append-only audit / owning-domain record,SERVICE_SCOPE_CREATE (Handover),test_handover_final_closure_bridge.py,CROSS_MODULE_PASS,Contract exposes the owning module projection/deep link and does not duplicate that module's canonical state machine.
overall flow 3(3).docx,"Table 8, row 2 / V3-76",V3-76,BillingPlan comes from exact Contract,BOUNDARY,CM13 Contract→Finance context / invoice trigger,Contract + owning module,Operations & Billing,GET .../{id}/billing-context,Navigation/deep link to Billing; Contract does not mutate invoices/payments,Billing read model,contract_workspace.py + contract_workspace_routers.py,canonical readback / append-only audit / owning-domain record,CONTRACT_READ (Billing owns mutation),test_admin_contract_owner_session.py,CROSS_MODULE_PASS,Contract exposes the owning module projection/deep link and does not duplicate that module's canonical state machine.
overall flow 3(3).docx,"Table 8, row 3 / V3-77",V3-77,Design may use milestone billing,DIRECT,CM12 ServiceEngagement / Service Scope setup,Contract + owning module,ServiceScopeSetup / Handover,GET .../{id}/project-context,POST /api/handover/service-engagements (owning module),Handover ServiceEngagement,contract_workspace.py + contract_workspace_routers.py,canonical readback / append-only audit / owning-domain record,SERVICE_SCOPE_CREATE (Handover),test_handover_final_closure_bridge.py,CROSS_MODULE_PASS,Contract exposes the owning module projection/deep link and does not duplicate that module's canonical state machine.
overall flow 3(3).docx,"Table 8, row 4 / V3-78",V3-78,Architecture approval can trigger invoice eligibility,BOUNDARY,CM13 Contract→Finance context / invoice trigger,Contract + owning module,Operations & Billing,GET .../{id}/billing-context,Navigation/deep link to Billing; Contract does not mutate invoices/payments,Billing read model,contract_workspace.py + contract_workspace_routers.py,canonical readback / append-only audit / owning-domain record,CONTRACT_READ (Billing owns mutation),test_admin_contract_owner_session.py,CROSS_MODULE_PASS,Contract exposes the owning module projection/deep link and does not duplicate that module's canonical state machine.
overall flow 3(3).docx,"Table 8, row 5 / V3-79",V3-79,DC1 can trigger invoice eligibility,BOUNDARY,CM13 Contract→Finance context / invoice trigger,Contract + owning module,Operations & Billing,GET .../{id}/billing-context,Navigation/deep link to Billing; Contract does not mutate invoices/payments,Billing read model,contract_workspace.py + contract_workspace_routers.py,canonical readback / append-only audit / owning-domain record,CONTRACT_READ (Billing owns mutation),test_admin_contract_owner_session.py,CROSS_MODULE_PASS,Contract exposes the owning module projection/deep link and does not duplicate that module's canonical state machine.
overall flow 3(3).docx,"Table 8, row 6 / V3-80",V3-80,Permit can trigger invoice eligibility,BOUNDARY,CM13 Contract→Finance context / invoice trigger,Contract + owning module,Operations & Billing,GET .../{id}/billing-context,Navigation/deep link to Billing; Contract does not mutate invoices/payments,Billing read model,contract_workspace.py + contract_workspace_routers.py,canonical readback / append-only audit / owning-domain record,CONTRACT_READ (Billing owns mutation),test_admin_contract_owner_session.py,CROSS_MODULE_PASS,Contract exposes the owning module projection/deep link and does not duplicate that module's canonical state machine.
overall flow 3(3).docx,"Table 8, row 7 / V3-81",V3-81,DC2/final handover can trigger eligibility,BOUNDARY,CM13 Contract→Finance context / invoice trigger,Contract + owning module,Operations & Billing,GET .../{id}/billing-context,Navigation/deep link to Billing; Contract does not mutate invoices/payments,Billing read model,contract_workspace.py + contract_workspace_routers.py,canonical readback / append-only audit / owning-domain record,CONTRACT_READ (Billing owns mutation),test_admin_contract_owner_session.py,CROSS_MODULE_PASS,Contract exposes the owning module projection/deep link and does not duplicate that module's canonical state machine.
overall flow 3(3).docx,"Table 8, row 8 / V3-82",V3-82,Supervision can use monthly recurring billing,DIRECT,CM12 ServiceEngagement / Service Scope setup,Contract + owning module,ServiceScopeSetup / Handover,GET .../{id}/project-context,POST /api/handover/service-engagements (owning module),Handover ServiceEngagement,contract_workspace.py + contract_workspace_routers.py,canonical readback / append-only audit / owning-domain record,SERVICE_SCOPE_CREATE (Handover),test_handover_final_closure_bridge.py,CROSS_MODULE_PASS,Contract exposes the owning module projection/deep link and does not duplicate that module's canonical state machine.
overall flow 3(3).docx,"Table 8, row 9 / V3-83",V3-83,Third-Party may use upfront/full payment,DIRECT,CM12 ServiceEngagement / Service Scope setup,Contract + owning module,ServiceScopeSetup / Handover,GET .../{id}/project-context,POST /api/handover/service-engagements (owning module),Handover ServiceEngagement,contract_workspace.py + contract_workspace_routers.py,canonical readback / append-only audit / owning-domain record,SERVICE_SCOPE_CREATE (Handover),test_handover_final_closure_bridge.py,CROSS_MODULE_PASS,Contract exposes the owning module projection/deep link and does not duplicate that module's canonical state machine.
overall flow 3(3).docx,"Table 8, row 10 / V3-84",V3-84,Contract-specific terms override service defaults,DIRECT,CM12 Service scope / service-specific behavior,Contract + owning module,ServiceScopeSetup / Handover,GET .../{id}/project-context,POST /api/handover/service-engagements (owning module),Handover ServiceEngagement,contract_workspace.py + contract_workspace_routers.py,canonical readback / append-only audit / owning-domain record,SERVICE_SCOPE_CREATE (Handover),test_handover_final_closure_bridge.py,CROSS_MODULE_PASS,Contract exposes the owning module projection/deep link and does not duplicate that module's canonical state machine.
overall flow 3(3).docx,"Table 8, row 11 / V3-85",V3-85,Operations must identify invoice event promptly,BOUNDARY,CM13 Contract→Finance context / invoice trigger,Contract + owning module,Operations & Billing,GET .../{id}/billing-context,Navigation/deep link to Billing; Contract does not mutate invoices/payments,Billing read model,contract_workspace.py + contract_workspace_routers.py,canonical readback / append-only audit / owning-domain record,CONTRACT_READ (Billing owns mutation),test_admin_contract_owner_session.py,CROSS_MODULE_PASS,Contract exposes the owning module projection/deep link and does not duplicate that module's canonical state machine.
overall flow 3(3).docx,"Table 9, row 10 / V3-96",V3-96,Operations sees delay against Contract,DIRECT,CM08 Operations handoff / contract operational monitoring,Contract + owning module,Operations,GET /api/admin/contracts/{id}/operations,Contract projection only; no complete alert/send mutation,Contract operations read model,contract_workspace.py + contract_workspace_routers.py,canonical readback / append-only audit / owning-domain record,CONTRACT_READ,test_contract_operational_contacts.py; browser owner hardening,CROSS_MODULE_PASS,Contract exposes the owning module projection/deep link and does not duplicate that module's canonical state machine.
overall flow 3(3).docx,"Table 10, row 2 / V3-98",V3-98,Handover package depends on service,DIRECT,CM12 ServiceEngagement / Service Scope setup,Contract + owning module,ServiceScopeSetup / Handover,GET .../{id}/project-context,POST /api/handover/service-engagements (owning module),Handover ServiceEngagement,contract_workspace.py + contract_workspace_routers.py,canonical readback / append-only audit / owning-domain record,SERVICE_SCOPE_CREATE (Handover),test_handover_final_closure_bridge.py,CROSS_MODULE_PASS,Contract exposes the owning module projection/deep link and does not duplicate that module's canonical state machine.
overall flow 3(3).docx,"Table 10, row 3 / V3-99",V3-99,Design package includes approved PDF,DIRECT,CM12 Service scope / service-specific behavior,Contract + owning module,ServiceScopeSetup / Handover,GET .../{id}/project-context,POST /api/handover/service-engagements (owning module),Handover ServiceEngagement,contract_workspace.py + contract_workspace_routers.py,canonical readback / append-only audit / owning-domain record,SERVICE_SCOPE_CREATE (Handover),test_handover_final_closure_bridge.py,CROSS_MODULE_PASS,Contract exposes the owning module projection/deep link and does not duplicate that module's canonical state machine.
overall flow 3(3).docx,"Table 10, row 4 / V3-100",V3-100,Design package can require DWG,DIRECT,CM12 Service scope / service-specific behavior,Contract + owning module,ServiceScopeSetup / Handover,GET .../{id}/project-context,POST /api/handover/service-engagements (owning module),Handover ServiceEngagement,contract_workspace.py + contract_workspace_routers.py,canonical readback / append-only audit / owning-domain record,SERVICE_SCOPE_CREATE (Handover),test_handover_final_closure_bridge.py,CROSS_MODULE_PASS,Contract exposes the owning module projection/deep link and does not duplicate that module's canonical state machine.
overall flow 3(3).docx,"Table 10, row 5 / V3-101",V3-101,Design package can require DWF,DIRECT,CM12 Service scope / service-specific behavior,Contract + owning module,ServiceScopeSetup / Handover,GET .../{id}/project-context,POST /api/handover/service-engagements (owning module),Handover ServiceEngagement,contract_workspace.py + contract_workspace_routers.py,canonical readback / append-only audit / owning-domain record,SERVICE_SCOPE_CREATE (Handover),test_handover_final_closure_bridge.py,CROSS_MODULE_PASS,Contract exposes the owning module projection/deep link and does not duplicate that module's canonical state machine.
overall flow 3(3).docx,"Table 10, row 6 / V3-102",V3-102,Exact permit/licence evidence included,DIRECT,CM12 Service scope / service-specific behavior,Contract + owning module,ServiceScopeSetup / Handover,GET .../{id}/project-context,POST /api/handover/service-engagements (owning module),Handover ServiceEngagement,contract_workspace.py + contract_workspace_routers.py,canonical readback / append-only audit / owning-domain record,SERVICE_SCOPE_CREATE (Handover),test_handover_final_closure_bridge.py,CROSS_MODULE_PASS,Contract exposes the owning module projection/deep link and does not duplicate that module's canonical state machine.
overall flow 3(3).docx,"Table 10, row 7 / V3-103",V3-103,Source/client documents can be included,BOUNDARY,CM11 Client document collection / minimum Design handoff readiness,Contract,ContractSourceIntake / MissingDocumentFollowup,GET /api/admin/contracts/{id},POST .../documents/upload; POST .../missing-document-follow-up,DocumentVersion + readiness/work task,contract_workspace.py + contract_workspace_routers.py,canonical readback / append-only audit / owning-domain record,CONTRACT_EDIT,test_admin_contract_owner_session.py; test_handover_final_closure_bridge.py,PASS,"Current exact-head Contract service/read model, capability enforcement, persistence/readback, and focused regression evidence cover this row."
overall flow 3(3).docx,"Table 10, row 14 / V3-110",V3-110,Contract admin closes only after required service scopes close,DIRECT,CM07 Contract terms / payment schedule / deliverables / client inputs,Contract,ContractRevisionEditor / ContractCommitments,GET /api/admin/contracts/{id},PATCH .../{id}; POST .../commercial-terms; .../deliverables; .../client-inputs,ContractRevision-bound commitment rows,contract_workspace.py + contract_workspace_routers.py,canonical readback / append-only audit / owning-domain record,CONTRACT_EDIT,test_admin_contract_owner_session.py,PASS,"Current exact-head Contract service/read model, capability enforcement, persistence/readback, and focused regression evidence cover this row."
overall flow 3(3).docx,"Table 12, row 8 / T12R8",T12R8,Owner / PM / Consultant / Contractor remain separate parties,DIRECT,CM15 Authorization/forms sent with Contract / AI assist,Contract,FormsAndAuthorizations / Intelligence,GET /api/admin/contracts/{id}; GET /api/admin/forms,Content Library owns governed Form mutations,Master Content / Forms projection,contract_workspace.py + contract_workspace_routers.py,canonical readback / append-only audit / owning-domain record,CONTRACT_READ + Content Library policy,test_source15_current_contract_controls.py; test_admin_contract_owner_session.py,PASS,"Current exact-head Contract service/read model, capability enforcement, persistence/readback, and focused regression evidence cover this row."
overall flow 3(3).docx,"Table 12, row 10 / T12R10",T12R10,Design/Permit is a canonical service engagement,DIRECT,CM12 ServiceEngagement / Service Scope setup,Contract + owning module,ServiceScopeSetup / Handover,GET .../{id}/project-context,POST /api/handover/service-engagements (owning module),Handover ServiceEngagement,contract_workspace.py + contract_workspace_routers.py,canonical readback / append-only audit / owning-domain record,SERVICE_SCOPE_CREATE (Handover),test_handover_final_closure_bridge.py,CROSS_MODULE_PASS,Contract exposes the owning module projection/deep link and does not duplicate that module's canonical state machine.
overall flow 3(3).docx,"Table 12, row 11 / T12R11",T12R11,Supervision/Completion is a separate service engagement,DIRECT,CM12 ServiceEngagement / Service Scope setup,Contract + owning module,ServiceScopeSetup / Handover,GET .../{id}/project-context,POST /api/handover/service-engagements (owning module),Handover ServiceEngagement,contract_workspace.py + contract_workspace_routers.py,canonical readback / append-only audit / owning-domain record,SERVICE_SCOPE_CREATE (Handover),test_handover_final_closure_bridge.py,CROSS_MODULE_PASS,Contract exposes the owning module projection/deep link and does not duplicate that module's canonical state machine.
overall flow 3(3).docx,"Table 12, row 12 / T12R12",T12R12,Third-Party is a separate professional service,DIRECT,CM12 ServiceEngagement / Service Scope setup,Contract + owning module,ServiceScopeSetup / Handover,GET .../{id}/project-context,POST /api/handover/service-engagements (owning module),Handover ServiceEngagement,contract_workspace.py + contract_workspace_routers.py,canonical readback / append-only audit / owning-domain record,SERVICE_SCOPE_CREATE (Handover),test_handover_final_closure_bridge.py,CROSS_MODULE_PASS,Contract exposes the owning module projection/deep link and does not duplicate that module's canonical state machine.
overall flow 3(3).docx,"Table 12, row 22 / T12R22",T12R22,Signed Proposal or PO/LPO is commercial acceptance evidence,DIRECT,CM01 Proposal→Contract accepted commercial baseline,Contract,ContractRegister / Commercial,GET /api/admin/contracts/{id},POST /api/admin/contracts/from-proposal/{proposal_id}; PATCH /api/admin/contracts/{id},AcceptedProposalRevision + ContractRevision,contract_workspace.py + contract_workspace_routers.py,canonical readback / append-only audit / owning-domain record,CONTRACT_EDIT / CONTRACT_READ,test_admin_contract_owner_session.py; proposals-contract tests,FAIL,Contract origin requires accepted Proposal revision; alternate signed Proposal/PO/LPO acceptance path is not implemented.
overall flow 3(3).docx,"Table 12, row 23 / T12R23",T12R23,Proposal evidence flows to Contract/Admin,DIRECT,CM01 Proposal→Contract accepted commercial baseline,Contract,ContractRegister / Commercial,GET /api/admin/contracts/{id},POST /api/admin/contracts/from-proposal/{proposal_id}; PATCH /api/admin/contracts/{id},AcceptedProposalRevision + ContractRevision,contract_workspace.py + contract_workspace_routers.py,canonical readback / append-only audit / owning-domain record,CONTRACT_EDIT / CONTRACT_READ,test_admin_contract_owner_session.py; proposals-contract tests,PASS,"Current exact-head Contract service/read model, capability enforcement, persistence/readback, and focused regression evidence cover this row."
overall flow 3(3).docx,"Table 12, row 25 / T12R25",T12R25,Contract copies exact commercial terms from accepted Proposal,DIRECT,CM01 Proposal→Contract accepted commercial baseline,Contract,ContractRegister / Commercial,GET /api/admin/contracts/{id},POST /api/admin/contracts/from-proposal/{proposal_id}; PATCH /api/admin/contracts/{id},AcceptedProposalRevision + ContractRevision,contract_workspace.py + contract_workspace_routers.py,canonical readback / append-only audit / owning-domain record,CONTRACT_EDIT / CONTRACT_READ,test_admin_contract_owner_session.py; proposals-contract tests,PASS,"Current exact-head Contract service/read model, capability enforcement, persistence/readback, and focused regression evidence cover this row."
overall flow 3(3).docx,"Table 12, row 27 / T12R27",T12R27,Required authorization/forms accompany Contract,DIRECT,CM15 Authorization/forms sent with Contract / AI assist,Contract,FormsAndAuthorizations / Intelligence,GET /api/admin/contracts/{id}; GET /api/admin/forms,Content Library owns governed Form mutations,Master Content / Forms projection,contract_workspace.py + contract_workspace_routers.py,canonical readback / append-only audit / owning-domain record,CONTRACT_READ + Content Library policy,test_source15_current_contract_controls.py; test_admin_contract_owner_session.py,PASS,"Current exact-head Contract service/read model, capability enforcement, persistence/readback, and focused regression evidence cover this row."
overall flow 3(3).docx,"Table 12, row 29 / T12R29",T12R29,AI may read documents and prepare Contract/forms,DIRECT,CM15 Authorization/forms sent with Contract / AI assist,Contract,FormsAndAuthorizations / Intelligence,GET /api/admin/contracts/{id}; GET /api/admin/forms,Content Library owns governed Form mutations,Master Content / Forms projection,contract_workspace.py + contract_workspace_routers.py,canonical readback / append-only audit / owning-domain record,CONTRACT_READ + Content Library policy,test_source15_current_contract_controls.py; test_admin_contract_owner_session.py,PASS,"Current exact-head Contract service/read model, capability enforcement, persistence/readback, and focused regression evidence cover this row."
overall flow 3(3).docx,"Table 12, row 36 / T12R36",T12R36,Engineering only starts with exact contracted Scope/evidence package,DIRECT,CM07 Contract terms / payment schedule / deliverables / client inputs,Contract,ContractRevisionEditor / ContractCommitments,GET /api/admin/contracts/{id},PATCH .../{id}; POST .../commercial-terms; .../deliverables; .../client-inputs,ContractRevision-bound commitment rows,contract_workspace.py + contract_workspace_routers.py,canonical readback / append-only audit / owning-domain record,CONTRACT_EDIT,test_admin_contract_owner_session.py,PASS,"Current exact-head Contract service/read model, capability enforcement, persistence/readback, and focused regression evidence cover this row."
overall flow 3(3).docx,"Table 12, row 49 / T12R49",T12R49,Third-Party service may be narrow calculation/design/report,DIRECT,CM12 ServiceEngagement / Service Scope setup,Contract + owning module,ServiceScopeSetup / Handover,GET .../{id}/project-context,POST /api/handover/service-engagements (owning module),Handover ServiceEngagement,contract_workspace.py + contract_workspace_routers.py,canonical readback / append-only audit / owning-domain record,SERVICE_SCOPE_CREATE (Handover),test_handover_final_closure_bridge.py,CROSS_MODULE_PASS,Contract exposes the owning module projection/deep link and does not duplicate that module's canonical state machine.
overall flow 3(3).docx,"Table 12, row 60 / T12R60",T12R60,Service billing comes from exact Contract,BOUNDARY,CM13 Contract→Finance context / invoice trigger,Contract + owning module,Operations & Billing,GET .../{id}/billing-context,Navigation/deep link to Billing; Contract does not mutate invoices/payments,Billing read model,contract_workspace.py + contract_workspace_routers.py,canonical readback / append-only audit / owning-domain record,CONTRACT_READ (Billing owns mutation),test_admin_contract_owner_session.py,CROSS_MODULE_PASS,Contract exposes the owning module projection/deep link and does not duplicate that module's canonical state machine.
overall flow 3(3).docx,"Table 12, row 77 / T12R77",T12R77,Contract/service closes only after applicable Handover evidence,BOUNDARY,CM16 Contract close / Handover closure boundary,Contract + owning module,Handover closure,GET /api/admin/contracts/{id}/operations,POST canonical Handover closure,Handover closure service,contract_workspace.py + contract_workspace_routers.py,canonical readback / append-only audit / owning-domain record,Handover closure capability,test_handover_admin_closeout.py; test_handover_final_closure_bridge.py,CROSS_MODULE_PASS,Contract exposes the owning module projection/deep link and does not duplicate that module's canonical state machine.
overall flow 4(4).docx,"Table 4, row 11 / E10",E10,Track reviewer comments/findings separately from internal/AI comments,DIRECT,CM04 Maker / checker / independent review,Contract,Review,GET /api/admin/contracts/{id},POST .../checker,ContractRevision maker_checker,contract_workspace.py + contract_workspace_routers.py,canonical readback / append-only audit / owning-domain record,CONTRACT_CHECKER,test_admin_contract_owner_session.py,PASS,"Current exact-head Contract service/read model, capability enforcement, persistence/readback, and focused regression evidence cover this row."
overall flow 4(4).docx,"Table 4, row 12 / E11",E11,Track escalation to Head of Section/reviewer responsibility,DIRECT,CM04 Maker / checker / independent review,Contract,Review,GET /api/admin/contracts/{id},POST .../checker,ContractRevision maker_checker,contract_workspace.py + contract_workspace_routers.py,canonical readback / append-only audit / owning-domain record,CONTRACT_CHECKER,test_admin_contract_owner_session.py,PASS,"Current exact-head Contract service/read model, capability enforcement, persistence/readback, and focused regression evidence cover this row."
overall flow 4(4).docx,"Table 4, row 14 / E13",E13,A reviewer complaint can be wrong; AMEC must preserve evidence showing why a comment was challenged/escalated,DIRECT,CM04 Maker / checker / independent review,Contract,Review,GET /api/admin/contracts/{id},POST .../checker,ContractRevision maker_checker,contract_workspace.py + contract_workspace_routers.py,canonical readback / append-only audit / owning-domain record,CONTRACT_CHECKER,test_admin_contract_owner_session.py,PASS,"Current exact-head Contract service/read model, capability enforcement, persistence/readback, and focused regression evidence cover this row."
overall flow 4(4).docx,"Table 6, row 5 / C04",C04,Consultant can handover/close its service scope while external dependency remains unresolved,DIRECT,CM12 ServiceEngagement / Service Scope setup,Contract + owning module,ServiceScopeSetup / Handover,GET .../{id}/project-context,POST /api/handover/service-engagements (owning module),Handover ServiceEngagement,contract_workspace.py + contract_workspace_routers.py,canonical readback / append-only audit / owning-domain record,SERVICE_SCOPE_CREATE (Handover),test_handover_final_closure_bridge.py,CROSS_MODULE_PASS,Contract exposes the owning module projection/deep link and does not duplicate that module's canonical state machine.
overall flow 4(4).docx,"Table 6, row 6 / C05",C05,"Owner rule: if client-side camera dependency sits roughly one month, send invoice + hand over deliverables instead of carrying AMEC liability indefinitely",BOUNDARY,CM13 Contract→Finance context / invoice trigger,Contract + owning module,Operations & Billing,GET .../{id}/billing-context,Navigation/deep link to Billing; Contract does not mutate invoices/payments,Billing read model,contract_workspace.py + contract_workspace_routers.py,canonical readback / append-only audit / owning-domain record,CONTRACT_READ (Billing owns mutation),test_admin_contract_owner_session.py,CROSS_MODULE_PASS,Contract exposes the owning module projection/deep link and does not duplicate that module's canonical state machine.
overall flow 4(4).docx,"Table 6, row 11 / C10",C10,"The “camp” row needs explicit payment/invoice follow-up, rather than relying on someone noticing a spreadsheet omission",BOUNDARY,CM13 Contract→Finance context / invoice trigger,Contract + owning module,Operations & Billing,GET .../{id}/billing-context,Navigation/deep link to Billing; Contract does not mutate invoices/payments,Billing read model,contract_workspace.py + contract_workspace_routers.py,canonical readback / append-only audit / owning-domain record,CONTRACT_READ (Billing owns mutation),test_admin_contract_owner_session.py,CROSS_MODULE_PASS,Contract exposes the owning module projection/deep link and does not duplicate that module's canonical state machine.
overall flow 4(4).docx,"Table 7, row 6 / O05",O05,Keep external authority updates and handoffs visible to the appropriate persona,BOUNDARY,CM14 Downstream Engineering/Permit handoff context,Contract + owning module,Project context / Handover,GET .../{id}/project-context,Owning Engineering/Permit handoff action,Engineering/Permit owning workflow,contract_workspace.py + contract_workspace_routers.py,canonical readback / append-only audit / owning-domain record,owning Engineering/Permit capability,test_handover_final_closure_bridge.py,CROSS_MODULE_PASS,Contract exposes the owning module projection/deep link and does not duplicate that module's canonical state machine.
overall flow 5(4).docx,"Table 2, row 8 / A07",A07,Begin collecting owner/client documents during commercial intake,BOUNDARY,CM11 Client document collection / minimum Design handoff readiness,Contract,ContractSourceIntake / MissingDocumentFollowup,GET /api/admin/contracts/{id},POST .../documents/upload; POST .../missing-document-follow-up,DocumentVersion + readiness/work task,contract_workspace.py + contract_workspace_routers.py,canonical readback / append-only audit / owning-domain record,CONTRACT_EDIT,test_admin_contract_owner_session.py; test_handover_final_closure_bridge.py,PASS,"Current exact-head Contract service/read model, capability enforcement, persistence/readback, and focused regression evidence cover this row."
overall flow 5(4).docx,"Table 3, row 4 / B03",B03,"Preserve exact evidence of acceptance: signed proposal, PO/LPO, etc.",DIRECT,CM01 Proposal→Contract accepted commercial baseline,Contract,ContractRegister / Commercial,GET /api/admin/contracts/{id},POST /api/admin/contracts/from-proposal/{proposal_id}; PATCH /api/admin/contracts/{id},AcceptedProposalRevision + ContractRevision,contract_workspace.py + contract_workspace_routers.py,canonical readback / append-only audit / owning-domain record,CONTRACT_EDIT / CONTRACT_READ,test_admin_contract_owner_session.py; proposals-contract tests,FAIL,Contract origin requires accepted Proposal revision; alternate signed Proposal/PO/LPO acceptance path is not implemented.
overall flow 5(4).docx,"Table 3, row 5 / B04",B04,Formal PO/LPO must be captured as commercial source evidence,DIRECT,CM01 Proposal→Contract accepted commercial baseline,Contract,ContractRegister / Commercial,GET /api/admin/contracts/{id},POST /api/admin/contracts/from-proposal/{proposal_id}; PATCH /api/admin/contracts/{id},AcceptedProposalRevision + ContractRevision,contract_workspace.py + contract_workspace_routers.py,canonical readback / append-only audit / owning-domain record,CONTRACT_EDIT / CONTRACT_READ,test_admin_contract_owner_session.py; proposals-contract tests,PASS,"Current exact-head Contract service/read model, capability enforcement, persistence/readback, and focused regression evidence cover this row."
overall flow 5(4).docx,"Table 3, row 6 / B05",B05,Compare PO/LPO against accepted proposal,DIRECT,CM01 Proposal→Contract accepted commercial baseline,Contract,ContractRegister / Commercial,GET /api/admin/contracts/{id},POST /api/admin/contracts/from-proposal/{proposal_id}; PATCH /api/admin/contracts/{id},AcceptedProposalRevision + ContractRevision,contract_workspace.py + contract_workspace_routers.py,canonical readback / append-only audit / owning-domain record,CONTRACT_EDIT / CONTRACT_READ,test_admin_contract_owner_session.py; proposals-contract tests,PASS,"Current exact-head Contract service/read model, capability enforcement, persistence/readback, and focused regression evidence cover this row."
overall flow 5(4).docx,"Table 3, row 7 / B06",B06,"Variance in price, payment %, comments or terms must block/return for review",DIRECT,CM01 Proposal/PO/LPO commercial reconciliation,Contract,ContractRegister / Commercial,GET /api/admin/contracts/{id},POST /api/admin/contracts/from-proposal/{proposal_id}; PATCH /api/admin/contracts/{id},AcceptedProposalRevision + ContractRevision,contract_workspace.py + contract_workspace_routers.py,canonical readback / append-only audit / owning-domain record,CONTRACT_EDIT / CONTRACT_READ,test_admin_contract_owner_session.py; proposals-contract tests,PASS,"Current exact-head Contract service/read model, capability enforcement, persistence/readback, and focused regression evidence cover this row."
overall flow 5(4).docx,"Table 3, row 8 / B07",B07,Freeze/link the accepted commercial package to downstream contract,DIRECT,CM05 Authority / executive review and explicit Contract acceptance,Contract,Review,GET .../{id}/readiness,POST .../authority; POST .../accept,ContractRevision + ContractAcceptance snapshot,contract_workspace.py + contract_workspace_routers.py,canonical readback / append-only audit / owning-domain record,CONTRACT_REVIEW_AUTHORITY / CONTRACT_ACCEPT_AUTHORITY,test_admin_contract_owner_session.py,PASS,"Current exact-head Contract service/read model, capability enforcement, persistence/readback, and focused regression evidence cover this row."
overall flow 5(4).docx,"Table 3, row 9 / B08",B08,Proposal acceptance is distinct from project activation,DIRECT,CM10 Project Activation / Project Code / Start Date,Contract,Mobilization,GET .../{id}/activation,POST .../activate-project,ProjectActivation + Project,contract_workspace.py + contract_workspace_routers.py,canonical readback / append-only audit / owning-domain record,PROJECT_ACTIVATE,test_admin_contract_owner_session.py,PASS,"Current exact-head Contract service/read model, capability enforcement, persistence/readback, and focused regression evidence cover this row."
overall flow 5(4).docx,"Table 4, row 2 / C01",C01,Generate contract from controlled AMEC contract form/template,DIRECT,CM02 Controlled Contract template / generation,Contract,ContractSourceIntake / Forms,GET /api/admin/contracts/{id},POST /api/admin/contracts/{id}/documents/upload,MasterContentItem + ContractTemplateSnapshot,contract_workspace.py + contract_workspace_routers.py,canonical readback / append-only audit / owning-domain record,CONTRACT_EDIT,test_admin_contract_owner_session.py; Content Library tests,PASS,"Current exact-head Contract service/read model, capability enforcement, persistence/readback, and focused regression evidence cover this row."
overall flow 5(4).docx,"Table 4, row 3 / C02",C02,Populate contract from proposal/project/client data; AI may assist,DIRECT,CM01 Proposal→Contract accepted commercial baseline,Contract,ContractRegister / Commercial,GET /api/admin/contracts/{id},POST /api/admin/contracts/from-proposal/{proposal_id}; PATCH /api/admin/contracts/{id},AcceptedProposalRevision + ContractRevision,contract_workspace.py + contract_workspace_routers.py,canonical readback / append-only audit / owning-domain record,CONTRACT_EDIT / CONTRACT_READ,test_admin_contract_owner_session.py; proposals-contract tests,PASS,"Current exact-head Contract service/read model, capability enforcement, persistence/readback, and focused regression evidence cover this row."
overall flow 5(4).docx,"Table 4, row 4 / C03",C03,Separate contract preparer/executor,DIRECT,CM04 Maker / checker / independent review,Contract,Review,GET /api/admin/contracts/{id},POST .../checker,ContractRevision maker_checker,contract_workspace.py + contract_workspace_routers.py,canonical readback / append-only audit / owning-domain record,CONTRACT_CHECKER,test_admin_contract_owner_session.py,PASS,"Current exact-head Contract service/read model, capability enforcement, persistence/readback, and focused regression evidence cover this row."
overall flow 5(4).docx,"Table 4, row 5 / C04",C04,Separate contract reviewer,DIRECT,CM04 Maker / checker / independent review,Contract,Review,GET /api/admin/contracts/{id},POST .../checker,ContractRevision maker_checker,contract_workspace.py + contract_workspace_routers.py,canonical readback / append-only audit / owning-domain record,CONTRACT_CHECKER,test_admin_contract_owner_session.py,PASS,"Current exact-head Contract service/read model, capability enforcement, persistence/readback, and focused regression evidence cover this row."
overall flow 5(4).docx,"Table 4, row 6 / C05",C05,Reviewer compares contract against accepted proposal,DIRECT,CM01 Proposal→Contract accepted commercial baseline,Contract,ContractRegister / Commercial,GET /api/admin/contracts/{id},POST /api/admin/contracts/from-proposal/{proposal_id}; PATCH /api/admin/contracts/{id},AcceptedProposalRevision + ContractRevision,contract_workspace.py + contract_workspace_routers.py,canonical readback / append-only audit / owning-domain record,CONTRACT_EDIT / CONTRACT_READ,test_admin_contract_owner_session.py; proposals-contract tests,PASS,"Current exact-head Contract service/read model, capability enforcement, persistence/readback, and focused regression evidence cover this row."
overall flow 5(4).docx,"Table 4, row 7 / C06",C06,Executive Manager performs final human review/signature,DIRECT,CM05 Authority / executive review and explicit Contract acceptance,Contract,Review,GET .../{id}/readiness,POST .../authority; POST .../accept,ContractRevision + ContractAcceptance snapshot,contract_workspace.py + contract_workspace_routers.py,canonical readback / append-only audit / owning-domain record,CONTRACT_REVIEW_AUTHORITY / CONTRACT_ACCEPT_AUTHORITY,test_admin_contract_owner_session.py,PASS,"Current exact-head Contract service/read model, capability enforcement, persistence/readback, and focused regression evidence cover this row."
overall flow 5(4).docx,"Table 4, row 8 / C07",C07,Client receives final signed contract copy with evidence,DIRECT,CM06 Executed/signed Contract evidence & client delivery,Contract,ContractExecutionHandoff,GET /api/admin/contracts/{id},POST .../executed-evidence; .../client-copy-distribution; .../operations-handoff,DocumentVersion + ContractAdminEvidence,contract_workspace.py + contract_workspace_routers.py,canonical readback / append-only audit / owning-domain record,CONTRACT_EXECUTION / CONTRACT_HANDOFF,test_admin_contract_owner_session.py; browser owner hardening,PASS,"Current exact-head Contract service/read model, capability enforcement, persistence/readback, and focused regression evidence cover this row."
overall flow 5(4).docx,"Table 4, row 9 / C08",C08,Final contract is stored and transferred into Operations,DIRECT,CM06 Executed/signed Contract evidence & client delivery,Contract,ContractExecutionHandoff,GET /api/admin/contracts/{id},POST .../executed-evidence; .../client-copy-distribution; .../operations-handoff,DocumentVersion + ContractAdminEvidence,contract_workspace.py + contract_workspace_routers.py,canonical readback / append-only audit / owning-domain record,CONTRACT_EXECUTION / CONTRACT_HANDOFF,test_admin_contract_owner_session.py; browser owner hardening,PASS,"Current exact-head Contract service/read model, capability enforcement, persistence/readback, and focused regression evidence cover this row."
overall flow 5(4).docx,"Table 5, row 2 / D01",D01,Required advance payment must actually be received through the bank before operational launch,DIRECT,CM09 Advance / pre-start commercial gate,Contract,Mobilization,GET .../{id}/start-prerequisites; .../readiness-states,POST .../activate-project after readiness,Contract readiness/prerequisite projection,contract_workspace.py + contract_workspace_routers.py,canonical readback / append-only audit / owning-domain record,CONTRACT_READ / PROJECT_ACTIVATE,test_admin_contract_owner_session.py; test_contract_mobilization_gap_closure.py,FAIL,Current gate is configurable/readiness-based; exact Contract-derived advance/start prerequisite chain is not complete.
overall flow 5(4).docx,"Table 5, row 3 / D02",D02,Preserve objective evidence of that payment,DIRECT,CM09 Advance / pre-start commercial gate,Contract + owning module,Mobilization,GET .../{id}/start-prerequisites; .../readiness-states,POST .../activate-project after readiness,Contract readiness/prerequisite projection,contract_workspace.py + contract_workspace_routers.py,canonical readback / append-only audit / owning-domain record,CONTRACT_READ / PROJECT_ACTIVATE,test_admin_contract_owner_session.py; test_contract_mobilization_gap_closure.py,CROSS_MODULE_PASS,Contract exposes the owning module projection/deep link and does not duplicate that module's canonical state machine.
overall flow 5(4).docx,"Table 5, row 4 / D03",D03,Only after the advance-payment condition is satisfied does the office formally activate/handoff the project for delivery,DIRECT,CM10 Project Activation / Project Code / Start Date,Contract,Mobilization,GET .../{id}/activation,POST .../activate-project,ProjectActivation + Project,contract_workspace.py + contract_workspace_routers.py,canonical readback / append-only audit / owning-domain record,PROJECT_ACTIVATE,test_admin_contract_owner_session.py,PASS,"Current exact-head Contract service/read model, capability enforcement, persistence/readback, and focused regression evidence cover this row."
overall flow 5(4).docx,"Table 5, row 5 / D04",D04,Admin owns project-document checklist/collection,BOUNDARY,CM11 Client document collection / minimum Design handoff readiness,Contract,ContractSourceIntake / MissingDocumentFollowup,GET /api/admin/contracts/{id},POST .../documents/upload; POST .../missing-document-follow-up,DocumentVersion + readiness/work task,contract_workspace.py + contract_workspace_routers.py,canonical readback / append-only audit / owning-domain record,CONTRACT_EDIT,test_admin_contract_owner_session.py; test_handover_final_closure_bridge.py,PASS,"Current exact-head Contract service/read model, capability enforcement, persistence/readback, and focused regression evidence cover this row."
overall flow 5(4).docx,"Table 5, row 6 / D05",D05,Missing documents must be actively chased,BOUNDARY,CM11 Client document collection / minimum Design handoff readiness,Contract,ContractSourceIntake / MissingDocumentFollowup,GET /api/admin/contracts/{id},POST .../documents/upload; POST .../missing-document-follow-up,DocumentVersion + readiness/work task,contract_workspace.py + contract_workspace_routers.py,canonical readback / append-only audit / owning-domain record,CONTRACT_EDIT,test_admin_contract_owner_session.py; test_handover_final_closure_bridge.py,PASS,"Current exact-head Contract service/read model, capability enforcement, persistence/readback, and focused regression evidence cover this row."
overall flow 5(4).docx,"Table 5, row 7 / D06",D06,Admin can escalate local/client-access problems to Operations,BOUNDARY,CM11 Client documents / readiness,Contract,ContractSourceIntake / MissingDocumentFollowup,GET /api/admin/contracts/{id},POST .../documents/upload; POST .../missing-document-follow-up,DocumentVersion + readiness/work task,contract_workspace.py + contract_workspace_routers.py,canonical readback / append-only audit / owning-domain record,CONTRACT_EDIT,test_admin_contract_owner_session.py; test_handover_final_closure_bridge.py,PASS,"Current exact-head Contract service/read model, capability enforcement, persistence/readback, and focused regression evidence cover this row."
overall flow 5(4).docx,"Table 5, row 8 / D07",D07,Minimum Design handoff dossier = existing drawings + project sketch + title deed + ID,BOUNDARY,CM11 Client document collection / minimum Design handoff readiness,Contract,ContractSourceIntake / MissingDocumentFollowup,GET /api/admin/contracts/{id},POST .../documents/upload; POST .../missing-document-follow-up,DocumentVersion + readiness/work task,contract_workspace.py + contract_workspace_routers.py,canonical readback / append-only audit / owning-domain record,CONTRACT_EDIT,test_admin_contract_owner_session.py; test_handover_final_closure_bridge.py,FAIL,"Current source intake/follow-up exists, but the exact minimum Design dossier and downstream gating are not modeled."
overall flow 5(4).docx,"Table 5, row 9 / D08",D08,Remaining documents continue being gathered in parallel rather than unnecessarily blocking design,BOUNDARY,CM11 Client document collection / minimum Design handoff readiness,Contract,ContractSourceIntake / MissingDocumentFollowup,GET /api/admin/contracts/{id},POST .../documents/upload; POST .../missing-document-follow-up,DocumentVersion + readiness/work task,contract_workspace.py + contract_workspace_routers.py,canonical readback / append-only audit / owning-domain record,CONTRACT_EDIT,test_admin_contract_owner_session.py; test_handover_final_closure_bridge.py,PASS,"Current exact-head Contract service/read model, capability enforcement, persistence/readback, and focused regression evidence cover this row."
overall flow 5(4).docx,"Table 6, row 2 / E01",E01,Track contract/project start and contractual end,DIRECT,CM10 Project Activation / Project Code / Start Date,Contract,Mobilization,GET .../{id}/activation,POST .../activate-project,ProjectActivation + Project,contract_workspace.py + contract_workspace_routers.py,canonical readback / append-only audit / owning-domain record,PROJECT_ACTIVATE,test_admin_contract_owner_session.py,PASS,"Current exact-head Contract service/read model, capability enforcement, persistence/readback, and focused regression evidence cover this row."
overall flow 5(4).docx,"Table 6, row 3 / E02",E02,Track project reference and current system/status,DIRECT,CM08 Operations handoff / contract operational monitoring,Contract + owning module,Operations,GET /api/admin/contracts/{id}/operations,Contract projection only; no complete alert/send mutation,Contract operations read model,contract_workspace.py + contract_workspace_routers.py,canonical readback / append-only audit / owning-domain record,CONTRACT_READ,test_contract_operational_contacts.py; browser owner hardening,CROSS_MODULE_PASS,Contract exposes the owning module projection/deep link and does not duplicate that module's canonical state machine.
overall flow 5(4).docx,"Table 6, row 4 / E03",E03,Track Owner-defined operating stages such as DC1/DC2,BOUNDARY,CM18 Canonical Project/Contract context,Contract + owning module,Overview / Sources,GET .../{id}/project-context,Owning Project/Client services,canonical Client/Project/Contract,contract_workspace.py + contract_workspace_routers.py,canonical readback / append-only audit / owning-domain record,CONTRACT_READ,test_admin_contract_owner_session.py,CROSS_MODULE_PASS,Contract exposes the owning module projection/deep link and does not duplicate that module's canonical state machine.
overall flow 5(4).docx,"Table 6, row 5 / E04",E04,Predict/flag likely lateness before contractual breach,DIRECT,CM08 Operations handoff / contract operational monitoring,Contract + owning module,Operations,GET /api/admin/contracts/{id}/operations,Contract projection only; no complete alert/send mutation,Contract operations read model,contract_workspace.py + contract_workspace_routers.py,canonical readback / append-only audit / owning-domain record,CONTRACT_READ,test_contract_operational_contacts.py; browser owner hardening,CROSS_MODULE_PASS,Contract exposes the owning module projection/deep link and does not duplicate that module's canonical state machine.
overall flow 5(4).docx,"Table 6, row 6 / E05",E05,Maintain operational schedule/Gantt-style plan,DIRECT,CM08 Operations handoff / contract operational monitoring,Contract + owning module,Operations,GET /api/admin/contracts/{id}/operations,Contract projection only; no complete alert/send mutation,Contract operations read model,contract_workspace.py + contract_workspace_routers.py,canonical readback / append-only audit / owning-domain record,CONTRACT_READ,test_contract_operational_contacts.py; browser owner hardening,CROSS_MODULE_PASS,Contract exposes the owning module projection/deep link and does not duplicate that module's canonical state machine.
overall flow 5(4).docx,"Table 6, row 7 / E06",E06,"Warn when contract extension should be requested, before expiry",DIRECT,CM03 Contract revision / amendment / history,Contract,ContractExtensionPanel / History,GET /api/admin/contracts/{id}/operations,POST .../extension-requests; .../extension-decisions,ContractRevision + ContractAdminEvidence,contract_workspace.py + contract_workspace_routers.py,canonical readback / append-only audit / owning-domain record,CONTRACT_EDIT / CONTRACT_REVIEW_AUTHORITY,test_admin_contract_owner_session.py; browser owner hardening,FAIL,Extension request/decision history exists; proactive pre-expiry warning is not proven.
overall flow 5(4).docx,"Table 6, row 8 / E07",E07,Actively follow Engineering and system/submission progress,DIRECT,CM08 Operations handoff / contract operational monitoring,Contract + owning module,Operations,GET /api/admin/contracts/{id}/operations,Contract projection only; no complete alert/send mutation,Contract operations read model,contract_workspace.py + contract_workspace_routers.py,canonical readback / append-only audit / owning-domain record,CONTRACT_READ,test_contract_operational_contacts.py; browser owner hardening,CROSS_MODULE_PASS,Contract exposes the owning module projection/deep link and does not duplicate that module's canonical state machine.
overall flow 5(4).docx,"Table 6, row 9 / E08",E08,Escalate aged blockers; a single unanswered email cannot constitute adequate follow-up,DIRECT,CM08 Operations handoff / contract operational monitoring,Contract + owning module,Operations,GET /api/admin/contracts/{id}/operations,Contract projection only; no complete alert/send mutation,Contract operations read model,contract_workspace.py + contract_workspace_routers.py,canonical readback / append-only audit / owning-domain record,CONTRACT_READ,test_contract_operational_contacts.py; browser owner hardening,CROSS_MODULE_PASS,Contract exposes the owning module projection/deep link and does not duplicate that module's canonical state machine.
overall flow 5(4).docx,"Table 7, row 2 / F01",F01,Contract milestone/date should generate an invoice-due trigger,BOUNDARY,CM13 Contract→Finance context / invoice trigger,Contract + owning module,Operations & Billing,GET .../{id}/billing-context,Navigation/deep link to Billing; Contract does not mutate invoices/payments,Billing read model,contract_workspace.py + contract_workspace_routers.py,canonical readback / append-only audit / owning-domain record,CONTRACT_READ (Billing owns mutation),test_admin_contract_owner_session.py,CROSS_MODULE_PASS,Contract exposes the owning module projection/deep link and does not duplicate that module's canonical state machine.
overall flow 5(4).docx,"Table 7, row 3 / F02",F02,Operations tells invoice preparer when invoice becomes due,DIRECT,CM04 Maker / checker / independent review,Contract,Review,GET /api/admin/contracts/{id},POST .../checker,ContractRevision maker_checker,contract_workspace.py + contract_workspace_routers.py,canonical readback / append-only audit / owning-domain record,CONTRACT_CHECKER,test_admin_contract_owner_session.py,PASS,"Current exact-head Contract service/read model, capability enforcement, persistence/readback, and focused regression evidence cover this row."
overall flow 5(4).docx,"Table 7, row 4 / F03",F03,Invoice preparation/issue and payment/collection remain separate states,BOUNDARY,CM13 Contract→Finance context / invoice trigger,Contract + owning module,Operations & Billing,GET .../{id}/billing-context,Navigation/deep link to Billing; Contract does not mutate invoices/payments,Billing read model,contract_workspace.py + contract_workspace_routers.py,canonical readback / append-only audit / owning-domain record,CONTRACT_READ (Billing owns mutation),test_admin_contract_owner_session.py,CROSS_MODULE_PASS,Contract exposes the owning module projection/deep link and does not duplicate that module's canonical state machine.
overall flow 5(4).docx,"Table 7, row 5 / F04",F04,Collection owner follows issued invoice,BOUNDARY,CM13 Contract→Finance context / invoice trigger,Contract + owning module,Operations & Billing,GET .../{id}/billing-context,Navigation/deep link to Billing; Contract does not mutate invoices/payments,Billing read model,contract_workspace.py + contract_workspace_routers.py,canonical readback / append-only audit / owning-domain record,CONTRACT_READ (Billing owns mutation),test_admin_contract_owner_session.py,CROSS_MODULE_PASS,Contract exposes the owning module projection/deep link and does not duplicate that module's canonical state machine.
overall flow 5(4).docx,"Table 7, row 6 / F05",F05,"Overdue collection escalates through defined actions, including Owner where required",BOUNDARY,CM13 Contract→Finance context / invoice trigger,Contract + owning module,Operations & Billing,GET .../{id}/billing-context,Navigation/deep link to Billing; Contract does not mutate invoices/payments,Billing read model,contract_workspace.py + contract_workspace_routers.py,canonical readback / append-only audit / owning-domain record,CONTRACT_READ (Billing owns mutation),test_admin_contract_owner_session.py,CROSS_MODULE_PASS,Contract exposes the owning module projection/deep link and does not duplicate that module's canonical state machine.
overall flow 5(4).docx,"Table 7, row 7 / F06",F06,Show causal chain: missing documents → delayed submission → delayed milestone → delayed invoice → cash impact,BOUNDARY,CM11 Client document collection / minimum Design handoff readiness,Contract,ContractSourceIntake / MissingDocumentFollowup,GET /api/admin/contracts/{id},POST .../documents/upload; POST .../missing-document-follow-up,DocumentVersion + readiness/work task,contract_workspace.py + contract_workspace_routers.py,canonical readback / append-only audit / owning-domain record,CONTRACT_EDIT,test_admin_contract_owner_session.py; test_handover_final_closure_bridge.py,PASS,"Current exact-head Contract service/read model, capability enforcement, persistence/readback, and focused regression evidence cover this row."
overall flow 5(4).docx,"Table 7, row 8 / F07",F07,Detect earned/completed milestone where invoice has not been raised,BOUNDARY,CM13 Contract→Finance context / invoice trigger,Contract + owning module,Operations & Billing,GET .../{id}/billing-context,Navigation/deep link to Billing; Contract does not mutate invoices/payments,Billing read model,contract_workspace.py + contract_workspace_routers.py,canonical readback / append-only audit / owning-domain record,CONTRACT_READ (Billing owns mutation),test_admin_contract_owner_session.py,CROSS_MODULE_PASS,Contract exposes the owning module projection/deep link and does not duplicate that module's canonical state machine.
overall flow 5(4).docx,"Table 8, row 2 / G01",G01,Activated/readied project handed to Design Manager,DIRECT,CM10 Project Activation / Project Code / Start Date,Contract,Mobilization,GET .../{id}/activation,POST .../activate-project,ProjectActivation + Project,contract_workspace.py + contract_workspace_routers.py,canonical readback / append-only audit / owning-domain record,PROJECT_ACTIVATE,test_admin_contract_owner_session.py,PASS,"Current exact-head Contract service/read model, capability enforcement, persistence/readback, and focused regression evidence cover this row."
overall flow 5(4).docx,"Table 10, row 7 / I06",I06,Signed handover/receipt evidence permits operational contract closure,BOUNDARY,CM14 Downstream Engineering/Permit handoff context,Contract + owning module,Project context / Handover,GET .../{id}/project-context,Owning Engineering/Permit handoff action,Engineering/Permit owning workflow,contract_workspace.py + contract_workspace_routers.py,canonical readback / append-only audit / owning-domain record,owning Engineering/Permit capability,test_handover_final_closure_bridge.py,CROSS_MODULE_PASS,Contract exposes the owning module projection/deep link and does not duplicate that module's canonical state machine.
overall flow 5(4).docx,"Table 12, row 6 / K05",K05,Separate maker/reviewer functions for consequential work,DIRECT,CM04 Maker / checker / independent review,Contract,Review,GET /api/admin/contracts/{id},POST .../checker,ContractRevision maker_checker,contract_workspace.py + contract_workspace_routers.py,canonical readback / append-only audit / owning-domain record,CONTRACT_CHECKER,test_admin_contract_owner_session.py,PASS,"Current exact-head Contract service/read model, capability enforcement, persistence/readback, and focused regression evidence cover this row."
overall flow 6(3).docx,"Table 4, row 5 / A04",A04,"Preserve chronological history of submissions, approvals, comments, corrections and handoffs",DIRECT,CM08 Operations / delay / exception control,Contract + owning module,Operations,GET /api/admin/contracts/{id}/operations,Contract projection only; no complete alert/send mutation,Contract operations read model,contract_workspace.py + contract_workspace_routers.py,canonical readback / append-only audit / owning-domain record,CONTRACT_READ,test_contract_operational_contacts.py; browser owner hardening,CROSS_MODULE_PASS,Contract exposes the owning module projection/deep link and does not duplicate that module's canonical state machine.
overall flow 6(3).docx,"Table 6, row 7 / C06",C06,Show Contract Date,DIRECT,CM07 Contract terms / payment schedule / deliverables / client inputs,Contract,ContractRevisionEditor / ContractCommitments,GET /api/admin/contracts/{id},PATCH .../{id}; POST .../commercial-terms; .../deliverables; .../client-inputs,ContractRevision-bound commitment rows,contract_workspace.py + contract_workspace_routers.py,canonical readback / append-only audit / owning-domain record,CONTRACT_EDIT,test_admin_contract_owner_session.py,PASS,"Current exact-head Contract service/read model, capability enforcement, persistence/readback, and focused regression evidence cover this row."
overall flow 6(3).docx,"Table 6, row 8 / C07",C07,Show contractual Period / Days,DIRECT,CM07 Contract terms / schedule / dates,Contract,ContractRevisionEditor / ContractCommitments,GET /api/admin/contracts/{id},PATCH .../{id}; POST .../commercial-terms; .../deliverables; .../client-inputs,ContractRevision-bound commitment rows,contract_workspace.py + contract_workspace_routers.py,canonical readback / append-only audit / owning-domain record,CONTRACT_EDIT,test_admin_contract_owner_session.py,PASS,"Current exact-head Contract service/read model, capability enforcement, persistence/readback, and focused regression evidence cover this row."
overall flow 6(3).docx,"Table 6, row 9 / C08",C08,Derive days remaining / days overdue from dates and contractual period,DIRECT,CM15 Authorization/forms sent with Contract / AI assist,Contract,FormsAndAuthorizations / Intelligence,GET /api/admin/contracts/{id}; GET /api/admin/forms,Content Library owns governed Form mutations,Master Content / Forms projection,contract_workspace.py + contract_workspace_routers.py,canonical readback / append-only audit / owning-domain record,CONTRACT_READ + Content Library policy,test_source15_current_contract_controls.py; test_admin_contract_owner_session.py,PASS,"Current exact-head Contract service/read model, capability enforcement, persistence/readback, and focused regression evidence cover this row."
overall flow 6(3).docx,"Table 6, row 10 / C09",C09,Show advance-payment status/value without conflating it with remaining days,DIRECT,CM09 Advance / pre-start commercial gate,Contract + owning module,Mobilization,GET .../{id}/start-prerequisites; .../readiness-states,POST .../activate-project after readiness,Contract readiness/prerequisite projection,contract_workspace.py + contract_workspace_routers.py,canonical readback / append-only audit / owning-domain record,CONTRACT_READ / PROJECT_ACTIVATE,test_admin_contract_owner_session.py; test_contract_mobilization_gap_closure.py,CROSS_MODULE_PASS,Contract exposes the owning module projection/deep link and does not duplicate that module's canonical state machine.
overall flow 6(3).docx,"Table 6, row 11 / C10",C10,Give Owner/staff one consolidated operational row spanning Project + Permit + Contract timing + payment context,BOUNDARY,CM14 Downstream Engineering/Permit handoff context,Contract + owning module,Project context / Handover,GET .../{id}/project-context,Owning Engineering/Permit handoff action,Engineering/Permit owning workflow,contract_workspace.py + contract_workspace_routers.py,canonical readback / append-only audit / owning-domain record,owning Engineering/Permit capability,test_handover_final_closure_bridge.py,CROSS_MODULE_PASS,Contract exposes the owning module projection/deep link and does not duplicate that module's canonical state machine.
overall flow 6(3).docx,"Table 10, row 2 / G01",G01,Technical/regulatory completion must remain separate from commercial/financial completion,BOUNDARY,CM14 Downstream Engineering/Permit handoff context,Contract + owning module,Project context / Handover,GET .../{id}/project-context,Owning Engineering/Permit handoff action,Engineering/Permit owning workflow,contract_workspace.py + contract_workspace_routers.py,canonical readback / append-only audit / owning-domain record,owning Engineering/Permit capability,test_handover_final_closure_bridge.py,CROSS_MODULE_PASS,Contract exposes the owning module projection/deep link and does not duplicate that module's canonical state machine.
overall flow 6(3).docx,"Table 10, row 3 / G02",G02,"A final approval can make the final invoice due, as in the D Ring example",BOUNDARY,CM13 Contract→Finance context / invoice trigger,Contract + owning module,Operations & Billing,GET .../{id}/billing-context,Navigation/deep link to Billing; Contract does not mutate invoices/payments,Billing read model,contract_workspace.py + contract_workspace_routers.py,canonical readback / append-only audit / owning-domain record,CONTRACT_READ (Billing owns mutation),test_admin_contract_owner_session.py,CROSS_MODULE_PASS,Contract exposes the owning module projection/deep link and does not duplicate that module's canonical state machine.
overall flow 6(3).docx,"Table 10, row 4 / G03",G03,Detect work/milestone complete but invoice not yet issued,BOUNDARY,CM13 Contract→Finance context / invoice trigger,Contract + owning module,Operations & Billing,GET .../{id}/billing-context,Navigation/deep link to Billing; Contract does not mutate invoices/payments,Billing read model,contract_workspace.py + contract_workspace_routers.py,canonical readback / append-only audit / owning-domain record,CONTRACT_READ (Billing owns mutation),test_admin_contract_owner_session.py,CROSS_MODULE_PASS,Contract exposes the owning module projection/deep link and does not duplicate that module's canonical state machine.
overall flow 6(3).docx,"Table 10, row 5 / G04",G04,"“Cameras with owner” must be a client/external dependency, not a generic AMEC blocker",DIRECT,CM08 Operations / delay / exception control,Contract + owning module,Operations,GET /api/admin/contracts/{id}/operations,Contract projection only; no complete alert/send mutation,Contract operations read model,contract_workspace.py + contract_workspace_routers.py,canonical readback / append-only audit / owning-domain record,CONTRACT_READ,test_contract_operational_contacts.py; browser owner hardening,CROSS_MODULE_PASS,Contract exposes the owning module projection/deep link and does not duplicate that module's canonical state machine.
overall flow 6(3).docx,"Table 10, row 6 / G05",G05,Attribute delay to the responsible client/external party rather than making AMEC appear late,DIRECT,CM08 Operations / delay / exception control,Contract + owning module,Operations,GET /api/admin/contracts/{id}/operations,Contract projection only; no complete alert/send mutation,Contract operations read model,contract_workspace.py + contract_workspace_routers.py,canonical readback / append-only audit / owning-domain record,CONTRACT_READ,test_contract_operational_contacts.py; browser owner hardening,CROSS_MODULE_PASS,Contract exposes the owning module projection/deep link and does not duplicate that module's canonical state machine.
overall flow 6(3).docx,"Table 10, row 7 / G06",G06,Use Contract Date + contractual Period + remaining/overdue days to generate an exception before a project becomes dangerously late,DIRECT,CM07 Contract terms / payment schedule / deliverables / client inputs,Contract,ContractRevisionEditor / ContractCommitments,GET /api/admin/contracts/{id},PATCH .../{id}; POST .../commercial-terms; .../deliverables; .../client-inputs,ContractRevision-bound commitment rows,contract_workspace.py + contract_workspace_routers.py,canonical readback / append-only audit / owning-domain record,CONTRACT_EDIT,test_admin_contract_owner_session.py,PASS,"Current exact-head Contract service/read model, capability enforcement, persistence/readback, and focused regression evidence cover this row."
overall flow 6(3).docx,"Table 13, row 5 / A04",A04,Contracting/legal party must be distinct from actual operational contact,DIRECT,CM17 Operational responsibilities / contacts,Contract,ContactRouting / Operations,GET /api/admin/contracts/{id}/operations,POST .../operational-contact-routing; .../missing-document-follow-up,ContactPoint + WorkflowTask,contract_workspace.py + contract_workspace_routers.py,canonical readback / append-only audit / owning-domain record,CONTRACT_EDIT,test_contract_operational_contacts.py,PASS,"Current exact-head Contract service/read model, capability enforcement, persistence/readback, and focused regression evidence cover this row."
overall flow 6(3).docx,"Table 15, row 7 / C06",C06,Contact needs provenance/currentness/verification,DIRECT,CM17 Operational roles / contacts,Contract,ContactRouting / Operations,GET /api/admin/contracts/{id}/operations,POST .../operational-contact-routing; .../missing-document-follow-up,ContactPoint + WorkflowTask,contract_workspace.py + contract_workspace_routers.py,canonical readback / append-only audit / owning-domain record,CONTRACT_EDIT,test_contract_operational_contacts.py,PASS,"Current exact-head Contract service/read model, capability enforcement, persistence/readback, and focused regression evidence cover this row."
overall flow 6(3).docx,"Table 15, row 8 / C07",C07,Client/owner should be informed at meaningful project-stage changes,DIRECT,CM08 Operations / delay / exception control,Contract,Operations,GET /api/admin/contracts/{id}/operations,Contract projection only; no complete alert/send mutation,Contract operations read model,contract_workspace.py + contract_workspace_routers.py,canonical readback / append-only audit / owning-domain record,CONTRACT_READ,test_contract_operational_contacts.py; browser owner hardening,FAIL,"Current operations projection exposes status/risk/next action, but proactive alert and client-stage communication workflow is absent."
overall flow 6(3).docx,"Table 15, row 9 / C08",C08,Preserve communications/follow-up history,DIRECT,CM17 Operational roles / contacts / communications,Contract,ContactRouting / Operations,GET /api/admin/contracts/{id}/operations,POST .../operational-contact-routing; .../missing-document-follow-up,ContactPoint + WorkflowTask,contract_workspace.py + contract_workspace_routers.py,canonical readback / append-only audit / owning-domain record,CONTRACT_EDIT,test_contract_operational_contacts.py,PASS,"Current exact-head Contract service/read model, capability enforcement, persistence/readback, and focused regression evidence cover this row."
overall flow 6(3).docx,"Table 15, row 10 / C09",C09,Assign project follow-up to a responsible AMEC employee without changing party truth,DIRECT,CM17 Operational responsibilities / contacts,Contract,ContactRouting / Operations,GET /api/admin/contracts/{id}/operations,POST .../operational-contact-routing; .../missing-document-follow-up,ContactPoint + WorkflowTask,contract_workspace.py + contract_workspace_routers.py,canonical readback / append-only audit / owning-domain record,CONTRACT_EDIT,test_contract_operational_contacts.py,PASS,"Current exact-head Contract service/read model, capability enforcement, persistence/readback, and focused regression evidence cover this row."
overall flow 6(3).docx,"Table 19, row 2 / G01",G01,"Owner is onboarding Safaa in batches—first six projects, then the next six",OUT_OF_SCOPE,None None,Outside Contract scope,Out-of-scope evidence,N/A,N/A,scope ledger,contract_workspace.py + contract_workspace_routers.py,canonical readback / append-only audit / owning-domain record,owning-module capability,scope evidence,NOT_APPLICABLE_WITH_PROOF,Workbook scope marks this row outside Contract/Mobilization; the owning module remains responsible.
overall flow 6(3).docx,"Table 19, row 3 / G02",G02,Staff should be able to self-learn a project's history from governed sources,DIRECT,CM08 Operations / delay / exception control,Contract + owning module,Operations,GET /api/admin/contracts/{id}/operations,Contract projection only; no complete alert/send mutation,Contract operations read model,contract_workspace.py + contract_workspace_routers.py,canonical readback / append-only audit / owning-domain record,CONTRACT_READ,test_contract_operational_contacts.py; browser owner hardening,CROSS_MODULE_PASS,Contract exposes the owning module projection/deep link and does not duplicate that module's canonical state machine.
overall flow 6(3).docx,"Table 19, row 4 / G03",G03,"A coordinator should be able to answer “what is this project, where is it, who do I call, where are we, what happens next?” from one place",BOUNDARY,CM18 Canonical Project/Contract context,Contract + owning module,Overview / Sources,GET .../{id}/project-context,Owning Project/Client services,canonical Client/Project/Contract,contract_workspace.py + contract_workspace_routers.py,canonical readback / append-only audit / owning-domain record,CONTRACT_READ,test_admin_contract_owner_session.py,CROSS_MODULE_PASS,Contract exposes the owning module projection/deep link and does not duplicate that module's canonical state machine.
overall flow 6(3).docx,"Table 19, row 5 / G04",G04,Role-sensitive depth: non-engineering operations staff should not need AutoCAD or engineering-detail comprehension to manage follow-up,DIRECT,CM08 Operations handoff / contract operational monitoring,Contract + owning module,Operations,GET /api/admin/contracts/{id}/operations,Contract projection only; no complete alert/send mutation,Contract operations read model,contract_workspace.py + contract_workspace_routers.py,canonical readback / append-only audit / owning-domain record,CONTRACT_READ,test_contract_operational_contacts.py; browser owner hardening,CROSS_MODULE_PASS,Contract exposes the owning module projection/deep link and does not duplicate that module's canonical state machine.
overall flow 7(3).docx,"Table 5, row 5 / P04",P04,"Acceptance may be signed Proposal, PO/LPO or equivalent explicit evidence",DIRECT,CM01 Proposal→Contract accepted commercial baseline,Contract,ContractRegister / Commercial,GET /api/admin/contracts/{id},POST /api/admin/contracts/from-proposal/{proposal_id}; PATCH /api/admin/contracts/{id},AcceptedProposalRevision + ContractRevision,contract_workspace.py + contract_workspace_routers.py,canonical readback / append-only audit / owning-domain record,CONTRACT_EDIT / CONTRACT_READ,test_admin_contract_owner_session.py; proposals-contract tests,FAIL,Contract origin requires accepted Proposal revision; alternate signed Proposal/PO/LPO acceptance path is not implemented.
overall flow 7(3).docx,"Table 5, row 6 / P05",P05,PO/LPO stored as exact versioned evidence,DIRECT,CM01 Proposal→Contract accepted commercial baseline,Contract,ContractRegister / Commercial,GET /api/admin/contracts/{id},POST /api/admin/contracts/from-proposal/{proposal_id}; PATCH /api/admin/contracts/{id},AcceptedProposalRevision + ContractRevision,contract_workspace.py + contract_workspace_routers.py,canonical readback / append-only audit / owning-domain record,CONTRACT_EDIT / CONTRACT_READ,test_admin_contract_owner_session.py; proposals-contract tests,PASS,"Current exact-head Contract service/read model, capability enforcement, persistence/readback, and focused regression evidence cover this row."
overall flow 7(3).docx,"Table 5, row 7 / P06",P06,Compare PO/LPO with the exact Proposal before proceeding,DIRECT,CM01 Proposal→Contract accepted commercial baseline,Contract,ContractRegister / Commercial,GET /api/admin/contracts/{id},POST /api/admin/contracts/from-proposal/{proposal_id}; PATCH /api/admin/contracts/{id},AcceptedProposalRevision + ContractRevision,contract_workspace.py + contract_workspace_routers.py,canonical readback / append-only audit / owning-domain record,CONTRACT_EDIT / CONTRACT_READ,test_admin_contract_owner_session.py; proposals-contract tests,PASS,"Current exact-head Contract service/read model, capability enforcement, persistence/readback, and focused regression evidence cover this row."
overall flow 7(3).docx,"Table 5, row 8 / P07",P07,Price/payment/comments/terms mismatch must stop or return for review,DIRECT,CM01 Proposal/PO/LPO commercial reconciliation,Contract,ContractRegister / Commercial,GET /api/admin/contracts/{id},POST /api/admin/contracts/from-proposal/{proposal_id}; PATCH /api/admin/contracts/{id},AcceptedProposalRevision + ContractRevision,contract_workspace.py + contract_workspace_routers.py,canonical readback / append-only audit / owning-domain record,CONTRACT_EDIT / CONTRACT_READ,test_admin_contract_owner_session.py; proposals-contract tests,PASS,"Current exact-head Contract service/read model, capability enforcement, persistence/readback, and focused regression evidence cover this row."
overall flow 7(3).docx,"Table 5, row 9 / P08",P08,Client feedback/amendments enter controlled revision/review loop,DIRECT,CM03 Contract revision / amendment / history,Contract,ContractExtensionPanel / History,GET /api/admin/contracts/{id}/operations,POST .../extension-requests; .../extension-decisions,ContractRevision + ContractAdminEvidence,contract_workspace.py + contract_workspace_routers.py,canonical readback / append-only audit / owning-domain record,CONTRACT_EDIT / CONTRACT_REVIEW_AUTHORITY,test_admin_contract_owner_session.py; browser owner hardening,PASS,"Current exact-head Contract service/read model, capability enforcement, persistence/readback, and focused regression evidence cover this row."
overall flow 7(3).docx,"Table 5, row 10 / P09",P09,Downstream Contract pins exact accepted commercial revision,DIRECT,CM01 Proposal→Contract accepted commercial baseline,Contract,ContractRegister / Commercial,GET /api/admin/contracts/{id},POST /api/admin/contracts/from-proposal/{proposal_id}; PATCH /api/admin/contracts/{id},AcceptedProposalRevision + ContractRevision,contract_workspace.py + contract_workspace_routers.py,canonical readback / append-only audit / owning-domain record,CONTRACT_EDIT / CONTRACT_READ,test_admin_contract_owner_session.py; proposals-contract tests,PASS,"Current exact-head Contract service/read model, capability enforcement, persistence/readback, and focused regression evidence cover this row."
overall flow 7(3).docx,"Table 6, row 2 / C01",C01,Generate Contract from controlled AMEC Contract Template,DIRECT,CM02 Controlled Contract template / generation,Contract,ContractSourceIntake / Forms,GET /api/admin/contracts/{id},POST /api/admin/contracts/{id}/documents/upload,MasterContentItem + ContractTemplateSnapshot,contract_workspace.py + contract_workspace_routers.py,canonical readback / append-only audit / owning-domain record,CONTRACT_EDIT,test_admin_contract_owner_session.py; Content Library tests,PASS,"Current exact-head Contract service/read model, capability enforcement, persistence/readback, and focused regression evidence cover this row."
overall flow 7(3).docx,"Table 6, row 3 / C02",C02,Populate known data from Proposal/Project/Client; AI may assist,DIRECT,CM02 Controlled Contract template / generation,Contract,ContractSourceIntake / Forms,GET /api/admin/contracts/{id},POST /api/admin/contracts/{id}/documents/upload,MasterContentItem + ContractTemplateSnapshot,contract_workspace.py + contract_workspace_routers.py,canonical readback / append-only audit / owning-domain record,CONTRACT_EDIT,test_admin_contract_owner_session.py; Content Library tests,PASS,"Current exact-head Contract service/read model, capability enforcement, persistence/readback, and focused regression evidence cover this row."
overall flow 7(3).docx,"Table 6, row 4 / C03",C03,Preparer checks AI-generated/populated Contract,DIRECT,CM02 Controlled Contract template / generation,Contract,ContractSourceIntake / Forms,GET /api/admin/contracts/{id},POST /api/admin/contracts/{id}/documents/upload,MasterContentItem + ContractTemplateSnapshot,contract_workspace.py + contract_workspace_routers.py,canonical readback / append-only audit / owning-domain record,CONTRACT_EDIT,test_admin_contract_owner_session.py; Content Library tests,PASS,"Current exact-head Contract service/read model, capability enforcement, persistence/readback, and focused regression evidence cover this row."
overall flow 7(3).docx,"Table 6, row 5 / C04",C04,Separate maker and checker; preparer cannot bypass reviewer,DIRECT,CM04 Maker / checker / independent review,Contract,Review,GET /api/admin/contracts/{id},POST .../checker,ContractRevision maker_checker,contract_workspace.py + contract_workspace_routers.py,canonical readback / append-only audit / owning-domain record,CONTRACT_CHECKER,test_admin_contract_owner_session.py,PASS,"Current exact-head Contract service/read model, capability enforcement, persistence/readback, and focused regression evidence cover this row."
overall flow 7(3).docx,"Table 6, row 6 / C05",C05,Reviewer explicitly reconciles Contract against accepted Proposal,DIRECT,CM01 Proposal→Contract accepted commercial baseline,Contract,ContractRegister / Commercial,GET /api/admin/contracts/{id},POST /api/admin/contracts/from-proposal/{proposal_id}; PATCH /api/admin/contracts/{id},AcceptedProposalRevision + ContractRevision,contract_workspace.py + contract_workspace_routers.py,canonical readback / append-only audit / owning-domain record,CONTRACT_EDIT / CONTRACT_READ,test_admin_contract_owner_session.py; proposals-contract tests,PASS,"Current exact-head Contract service/read model, capability enforcement, persistence/readback, and focused regression evidence cover this row."
overall flow 7(3).docx,"Table 6, row 7 / C06",C06,Executive Manager performs final human review/signature,DIRECT,CM05 Authority / executive review and explicit Contract acceptance,Contract,Review,GET .../{id}/readiness,POST .../authority; POST .../accept,ContractRevision + ContractAcceptance snapshot,contract_workspace.py + contract_workspace_routers.py,canonical readback / append-only audit / owning-domain record,CONTRACT_REVIEW_AUTHORITY / CONTRACT_ACCEPT_AUTHORITY,test_admin_contract_owner_session.py,PASS,"Current exact-head Contract service/read model, capability enforcement, persistence/readback, and focused regression evidence cover this row."
overall flow 7(3).docx,"Table 6, row 8 / C07",C07,Client receives signed Contract copy and evidence is retained,DIRECT,CM06 Executed/signed Contract evidence & client delivery,Contract,ContractExecutionHandoff,GET /api/admin/contracts/{id},POST .../executed-evidence; .../client-copy-distribution; .../operations-handoff,DocumentVersion + ContractAdminEvidence,contract_workspace.py + contract_workspace_routers.py,canonical readback / append-only audit / owning-domain record,CONTRACT_EXECUTION / CONTRACT_HANDOFF,test_admin_contract_owner_session.py; browser owner hardening,PASS,"Current exact-head Contract service/read model, capability enforcement, persistence/readback, and focused regression evidence cover this row."
overall flow 7(3).docx,"Table 6, row 9 / C08",C08,"Amendments create controlled revisions, not silent overwrite",DIRECT,CM03 Contract revision / amendment / history,Contract,ContractExtensionPanel / History,GET /api/admin/contracts/{id}/operations,POST .../extension-requests; .../extension-decisions,ContractRevision + ContractAdminEvidence,contract_workspace.py + contract_workspace_routers.py,canonical readback / append-only audit / owning-domain record,CONTRACT_EDIT / CONTRACT_REVIEW_AUTHORITY,test_admin_contract_owner_session.py; browser owner hardening,PASS,"Current exact-head Contract service/read model, capability enforcement, persistence/readback, and focused regression evidence cover this row."
overall flow 7(3).docx,"Table 6, row 10 / C09",C09,Contract approval ≠ Project Activation,DIRECT,CM05 Authority / executive review and explicit Contract acceptance,Contract,Review,GET .../{id}/readiness,POST .../authority; POST .../accept,ContractRevision + ContractAcceptance snapshot,contract_workspace.py + contract_workspace_routers.py,canonical readback / append-only audit / owning-domain record,CONTRACT_REVIEW_AUTHORITY / CONTRACT_ACCEPT_AUTHORITY,test_admin_contract_owner_session.py,PASS,"Current exact-head Contract service/read model, capability enforcement, persistence/readback, and focused regression evidence cover this row."
overall flow 7(3).docx,"Table 7, row 2 / O01",O01,Dedicated Operation & Contract management over active projects,DIRECT,CM17 Operational responsibilities / contacts,Contract,ContactRouting / Operations,GET /api/admin/contracts/{id}/operations,POST .../operational-contact-routing; .../missing-document-follow-up,ContactPoint + WorkflowTask,contract_workspace.py + contract_workspace_routers.py,canonical readback / append-only audit / owning-domain record,CONTRACT_EDIT,test_contract_operational_contacts.py,PASS,"Current exact-head Contract service/read model, capability enforcement, persistence/readback, and focused regression evidence cover this row."
overall flow 7(3).docx,"Table 7, row 3 / O02",O02,Track Contract/project start and expected end,DIRECT,CM07 Contract terms / schedule / dates,Contract,ContractRevisionEditor / ContractCommitments,GET /api/admin/contracts/{id},PATCH .../{id}; POST .../commercial-terms; .../deliverables; .../client-inputs,ContractRevision-bound commitment rows,contract_workspace.py + contract_workspace_routers.py,canonical readback / append-only audit / owning-domain record,CONTRACT_EDIT,test_admin_contract_owner_session.py,PASS,"Current exact-head Contract service/read model, capability enforcement, persistence/readback, and focused regression evidence cover this row."
overall flow 7(3).docx,"Table 7, row 4 / O03",O03,Track AMEC project/reference separately from authority IDs,BOUNDARY,CM18 Canonical Project/Contract context,Contract + owning module,Overview / Sources,GET .../{id}/project-context,Owning Project/Client services,canonical Client/Project/Contract,contract_workspace.py + contract_workspace_routers.py,canonical readback / append-only audit / owning-domain record,CONTRACT_READ,test_admin_contract_owner_session.py,CROSS_MODULE_PASS,Contract exposes the owning module projection/deep link and does not duplicate that module's canonical state machine.
overall flow 7(3).docx,"Table 7, row 5 / O04",O04,Track Owner operating stage such as DC1/DC2,DIRECT,CM08 Operations / delay / exception control,Contract + owning module,Operations,GET /api/admin/contracts/{id}/operations,Contract projection only; no complete alert/send mutation,Contract operations read model,contract_workspace.py + contract_workspace_routers.py,canonical readback / append-only audit / owning-domain record,CONTRACT_READ,test_contract_operational_contacts.py; browser owner hardening,CROSS_MODULE_PASS,Contract exposes the owning module projection/deep link and does not duplicate that module's canonical state machine.
overall flow 7(3).docx,"Table 7, row 6 / O05",O05,Monitor where transaction sits externally and internally,DIRECT,CM08 Operations handoff / contract operational monitoring,Contract + owning module,Operations,GET /api/admin/contracts/{id}/operations,Contract projection only; no complete alert/send mutation,Contract operations read model,contract_workspace.py + contract_workspace_routers.py,canonical readback / append-only audit / owning-domain record,CONTRACT_READ,test_contract_operational_contacts.py; browser owner hardening,CROSS_MODULE_PASS,Contract exposes the owning module projection/deep link and does not duplicate that module's canonical state machine.
overall flow 7(3).docx,"Table 7, row 7 / O06",O06,Maintain operational schedule/Gantt/planned-vs-actual view,DIRECT,CM08 Operations handoff / contract operational monitoring,Contract + owning module,Operations,GET /api/admin/contracts/{id}/operations,Contract projection only; no complete alert/send mutation,Contract operations read model,contract_workspace.py + contract_workspace_routers.py,canonical readback / append-only audit / owning-domain record,CONTRACT_READ,test_contract_operational_contacts.py; browser owner hardening,CROSS_MODULE_PASS,Contract exposes the owning module projection/deep link and does not duplicate that module's canonical state machine.
overall flow 7(3).docx,"Table 7, row 8 / O07",O07,Predict project delay before contractual breach,DIRECT,CM08 Operations handoff / contract operational monitoring,Contract + owning module,Operations,GET /api/admin/contracts/{id}/operations,Contract projection only; no complete alert/send mutation,Contract operations read model,contract_workspace.py + contract_workspace_routers.py,canonical readback / append-only audit / owning-domain record,CONTRACT_READ,test_contract_operational_contacts.py; browser owner hardening,CROSS_MODULE_PASS,Contract exposes the owning module projection/deep link and does not duplicate that module's canonical state machine.
overall flow 7(3).docx,"Table 7, row 9 / O08",O08,Warn when Contract extension should be requested,DIRECT,CM03 Contract revision / amendment / history,Contract,ContractExtensionPanel / History,GET /api/admin/contracts/{id}/operations,POST .../extension-requests; .../extension-decisions,ContractRevision + ContractAdminEvidence,contract_workspace.py + contract_workspace_routers.py,canonical readback / append-only audit / owning-domain record,CONTRACT_EDIT / CONTRACT_REVIEW_AUTHORITY,test_admin_contract_owner_session.py; browser owner hardening,FAIL,Extension request/decision history exists; proactive pre-expiry warning is not proven.
overall flow 7(3).docx,"Table 7, row 10 / O09",O09,Follow Engineering and submission/system progress continuously,DIRECT,CM08 Operations handoff / contract operational monitoring,Contract + owning module,Operations,GET /api/admin/contracts/{id}/operations,Contract projection only; no complete alert/send mutation,Contract operations read model,contract_workspace.py + contract_workspace_routers.py,canonical readback / append-only audit / owning-domain record,CONTRACT_READ,test_contract_operational_contacts.py; browser owner hardening,CROSS_MODULE_PASS,Contract exposes the owning module projection/deep link and does not duplicate that module's canonical state machine.
overall flow 7(3).docx,"Table 7, row 11 / O10",O10,Escalate aged missing documents instead of stopping after one email,BOUNDARY,CM11 Client document collection / minimum Design handoff readiness,Contract,ContractSourceIntake / MissingDocumentFollowup,GET /api/admin/contracts/{id},POST .../documents/upload; POST .../missing-document-follow-up,DocumentVersion + readiness/work task,contract_workspace.py + contract_workspace_routers.py,canonical readback / append-only audit / owning-domain record,CONTRACT_EDIT,test_admin_contract_owner_session.py; test_handover_final_closure_bridge.py,PASS,"Current exact-head Contract service/read model, capability enforcement, persistence/readback, and focused regression evidence cover this row."
overall flow 7(3).docx,"Table 7, row 12 / O11",O11,"Every blocker needs responsible party, required action and escalation path",DIRECT,CM08 Operations / delay / exception control,Contract + owning module,Operations,GET /api/admin/contracts/{id}/operations,Contract projection only; no complete alert/send mutation,Contract operations read model,contract_workspace.py + contract_workspace_routers.py,canonical readback / append-only audit / owning-domain record,CONTRACT_READ,test_contract_operational_contacts.py; browser owner hardening,CROSS_MODULE_PASS,Contract exposes the owning module projection/deep link and does not duplicate that module's canonical state machine.
overall flow 7(3).docx,"Table 7, row 13 / O12",O12,Contract milestone/due point triggers an invoice-due action,BOUNDARY,CM13 Contract→Finance context / invoice trigger,Contract + owning module,Operations & Billing,GET .../{id}/billing-context,Navigation/deep link to Billing; Contract does not mutate invoices/payments,Billing read model,contract_workspace.py + contract_workspace_routers.py,canonical readback / append-only audit / owning-domain record,CONTRACT_READ (Billing owns mutation),test_admin_contract_owner_session.py,CROSS_MODULE_PASS,Contract exposes the owning module projection/deep link and does not duplicate that module's canonical state machine.
overall flow 7(3).docx,"Table 7, row 14 / O13",O13,Detect completed/earned milestones that have not been invoiced,BOUNDARY,CM13 Contract→Finance context / invoice trigger,Contract + owning module,Operations & Billing,GET .../{id}/billing-context,Navigation/deep link to Billing; Contract does not mutate invoices/payments,Billing read model,contract_workspace.py + contract_workspace_routers.py,canonical readback / append-only audit / owning-domain record,CONTRACT_READ (Billing owns mutation),test_admin_contract_owner_session.py,CROSS_MODULE_PASS,Contract exposes the owning module projection/deep link and does not duplicate that module's canonical state machine.
overall flow 7(3).docx,"Table 7, row 15 / O14",O14,Collection must be monitored and overdue items escalated with cash impact visible,BOUNDARY,CM13 Contract→Finance context / invoice trigger,Contract + owning module,Operations & Billing,GET .../{id}/billing-context,Navigation/deep link to Billing; Contract does not mutate invoices/payments,Billing read model,contract_workspace.py + contract_workspace_routers.py,canonical readback / append-only audit / owning-domain record,CONTRACT_READ (Billing owns mutation),test_admin_contract_owner_session.py,CROSS_MODULE_PASS,Contract exposes the owning module projection/deep link and does not duplicate that module's canonical state machine.
overall flow 7(3).docx,"Table 7, row 16 / O15",O15,"Invoice preparation, issue, collection, payment verification and escalation remain separate responsibilities",BOUNDARY,CM13 Contract→Finance context / invoice trigger,Contract + owning module,Operations & Billing,GET .../{id}/billing-context,Navigation/deep link to Billing; Contract does not mutate invoices/payments,Billing read model,contract_workspace.py + contract_workspace_routers.py,canonical readback / append-only audit / owning-domain record,CONTRACT_READ (Billing owns mutation),test_admin_contract_owner_session.py,CROSS_MODULE_PASS,Contract exposes the owning module projection/deep link and does not duplicate that module's canonical state machine.
overall flow 7(3).docx,"Table 7, row 17 / O16",O16,One Owner control view should show project/ref/start/end/stage/blocker/risk/next action,DIRECT,CM08 Operations handoff / contract operational monitoring,Contract + owning module,Operations,GET /api/admin/contracts/{id}/operations,Contract projection only; no complete alert/send mutation,Contract operations read model,contract_workspace.py + contract_workspace_routers.py,canonical readback / append-only audit / owning-domain record,CONTRACT_READ,test_contract_operational_contacts.py; browser owner hardening,CROSS_MODULE_PASS,Contract exposes the owning module projection/deep link and does not duplicate that module's canonical state machine.
overall flow 7(3).docx,"Table 8, row 2 / A01",A01,Verify actual advance payment/bank evidence,DIRECT,CM09 Advance / pre-start commercial gate,Contract,Mobilization,GET .../{id}/start-prerequisites; .../readiness-states,POST .../activate-project after readiness,Contract readiness/prerequisite projection,contract_workspace.py + contract_workspace_routers.py,canonical readback / append-only audit / owning-domain record,CONTRACT_READ / PROJECT_ACTIVATE,test_admin_contract_owner_session.py; test_contract_mobilization_gap_closure.py,FAIL,Current gate is configurable/readiness-based; exact Contract-derived advance/start prerequisite chain is not complete.
overall flow 7(3).docx,"Table 8, row 3 / A02",A02,Operational Project Activation/handoff gated by received advance payment,DIRECT,CM09 Advance / pre-start commercial gate,Contract,Mobilization,GET .../{id}/start-prerequisites; .../readiness-states,POST .../activate-project after readiness,Contract readiness/prerequisite projection,contract_workspace.py + contract_workspace_routers.py,canonical readback / append-only audit / owning-domain record,CONTRACT_READ / PROJECT_ACTIVATE,test_admin_contract_owner_session.py; test_contract_mobilization_gap_closure.py,FAIL,Current gate is configurable/readiness-based; exact Contract-derived advance/start prerequisite chain is not complete.
overall flow 7(3).docx,"Table 8, row 4 / A03",A03,Admin owns project-document checklist and collection,BOUNDARY,CM11 Client document collection / minimum Design handoff readiness,Contract,ContractSourceIntake / MissingDocumentFollowup,GET /api/admin/contracts/{id},POST .../documents/upload; POST .../missing-document-follow-up,DocumentVersion + readiness/work task,contract_workspace.py + contract_workspace_routers.py,canonical readback / append-only audit / owning-domain record,CONTRACT_EDIT,test_admin_contract_owner_session.py; test_handover_final_closure_bridge.py,PASS,"Current exact-head Contract service/read model, capability enforcement, persistence/readback, and focused regression evidence cover this row."
overall flow 7(3).docx,"Table 8, row 5 / A04",A04,Missing-document requests/escalations are tracked,BOUNDARY,CM11 Client document collection / minimum Design handoff readiness,Contract,ContractSourceIntake / MissingDocumentFollowup,GET /api/admin/contracts/{id},POST .../documents/upload; POST .../missing-document-follow-up,DocumentVersion + readiness/work task,contract_workspace.py + contract_workspace_routers.py,canonical readback / append-only audit / owning-domain record,CONTRACT_EDIT,test_admin_contract_owner_session.py; test_handover_final_closure_bridge.py,PASS,"Current exact-head Contract service/read model, capability enforcement, persistence/readback, and focused regression evidence cover this row."
overall flow 7(3).docx,"Table 8, row 6 / A05",A05,Project documents remain exact versioned evidence,BOUNDARY,CM11 Client documents / readiness,Contract,ContractSourceIntake / MissingDocumentFollowup,GET /api/admin/contracts/{id},POST .../documents/upload; POST .../missing-document-follow-up,DocumentVersion + readiness/work task,contract_workspace.py + contract_workspace_routers.py,canonical readback / append-only audit / owning-domain record,CONTRACT_EDIT,test_admin_contract_owner_session.py; test_handover_final_closure_bridge.py,PASS,"Current exact-head Contract service/read model, capability enforcement, persistence/readback, and focused regression evidence cover this row."
overall flow 7(3).docx,"Table 8, row 7 / A06",A06,Minimum Design-entry dossier: old drawings + project sketch + title deed + ID,BOUNDARY,CM11 Client document collection / minimum Design handoff readiness,Contract,ContractSourceIntake / MissingDocumentFollowup,GET /api/admin/contracts/{id},POST .../documents/upload; POST .../missing-document-follow-up,DocumentVersion + readiness/work task,contract_workspace.py + contract_workspace_routers.py,canonical readback / append-only audit / owning-domain record,CONTRACT_EDIT,test_admin_contract_owner_session.py; test_handover_final_closure_bridge.py,FAIL,"Current source intake/follow-up exists, but the exact minimum Design dossier and downstream gating are not modeled."
overall flow 7(3).docx,"Table 8, row 8 / A07",A07,Design-entry readiness ≠ full submission-document readiness,BOUNDARY,CM11 Client documents / readiness,Contract,ContractSourceIntake / MissingDocumentFollowup,GET /api/admin/contracts/{id},POST .../documents/upload; POST .../missing-document-follow-up,DocumentVersion + readiness/work task,contract_workspace.py + contract_workspace_routers.py,canonical readback / append-only audit / owning-domain record,CONTRACT_EDIT,test_admin_contract_owner_session.py; test_handover_final_closure_bridge.py,PASS,"Current exact-head Contract service/read model, capability enforcement, persistence/readback, and focused regression evidence cover this row."
overall flow 7(3).docx,"Table 8, row 9 / A08",A08,Handoff to Design only once minimum dossier is ready,BOUNDARY,CM11 Client document collection / minimum Design handoff readiness,Contract,ContractSourceIntake / MissingDocumentFollowup,GET /api/admin/contracts/{id},POST .../documents/upload; POST .../missing-document-follow-up,DocumentVersion + readiness/work task,contract_workspace.py + contract_workspace_routers.py,canonical readback / append-only audit / owning-domain record,CONTRACT_EDIT,test_admin_contract_owner_session.py; test_handover_final_closure_bridge.py,FAIL,"Current source intake/follow-up exists, but the exact minimum Design dossier and downstream gating are not modeled."
overall flow 7(3).docx,"Table 10, row 9 / R08",R08,“Close the Contract” after Handover means operational/admin closure—not automatically financial/regulatory/archive closure,BOUNDARY,CM16 Contract close / Handover closure boundary,Contract + owning module,Handover closure,GET /api/admin/contracts/{id}/operations,POST canonical Handover closure,Handover closure service,contract_workspace.py + contract_workspace_routers.py,canonical readback / append-only audit / owning-domain record,Handover closure capability,test_handover_admin_closeout.py; test_handover_final_closure_bridge.py,CROSS_MODULE_PASS,Contract exposes the owning module projection/deep link and does not duplicate that module's canonical state machine.
overall flow 7(3).docx,"Table 16, row 2 / A01",A01,One canonical Project identity/name,BOUNDARY,CM18 Canonical Project/Contract context,Contract + owning module,Overview / Sources,GET .../{id}/project-context,Owning Project/Client services,canonical Client/Project/Contract,contract_workspace.py + contract_workspace_routers.py,canonical readback / append-only audit / owning-domain record,CONTRACT_READ,test_admin_contract_owner_session.py,CROSS_MODULE_PASS,Contract exposes the owning module projection/deep link and does not duplicate that module's canonical state machine.
overall flow 7(3).docx,"Table 16, row 3 / A02",A02,Reconcile spreadsheet/server aliases and spelling variations to that Project without destructive renaming,BOUNDARY,CM18 Canonical Project/Contract context,Contract + owning module,Overview / Sources,GET .../{id}/project-context,Owning Project/Client services,canonical Client/Project/Contract,contract_workspace.py + contract_workspace_routers.py,canonical readback / append-only audit / owning-domain record,CONTRACT_READ,test_admin_contract_owner_session.py,CROSS_MODULE_PASS,Contract exposes the owning module projection/deep link and does not duplicate that module's canonical state machine.
overall flow 7(3).docx,"Table 16, row 4 / A03",A03,Distinguish a person owner from an owner/company/legal entity,BOUNDARY,CM18 Project identity / location context,Contract + owning module,Overview / Sources,GET .../{id}/project-context,Owning Project/Client services,canonical Client/Project/Contract,contract_workspace.py + contract_workspace_routers.py,canonical readback / append-only audit / owning-domain record,CONTRACT_READ,test_admin_contract_owner_session.py,CROSS_MODULE_PASS,Contract exposes the owning module projection/deep link and does not duplicate that module's canonical state machine.
overall flow 7(3).docx,"Table 16, row 5 / A04",A04,"Client, owner, tenant/applicant and other party roles must not be assumed equal",BOUNDARY,CM18 Project identity / location context,Contract + owning module,Overview / Sources,GET .../{id}/project-context,Owning Project/Client services,canonical Client/Project/Contract,contract_workspace.py + contract_workspace_routers.py,canonical readback / append-only audit / owning-domain record,CONTRACT_READ,test_admin_contract_owner_session.py,CROSS_MODULE_PASS,Contract exposes the owning module projection/deep link and does not duplicate that module's canonical state machine.
overall flow 7(3).docx,"Table 16, row 6 / A05",A05,The person AMEC actually follows up with must be separate from the contractual/legal client,DIRECT,CM17 Operational roles / contacts / communications,Contract,ContactRouting / Operations,GET /api/admin/contracts/{id}/operations,POST .../operational-contact-routing; .../missing-document-follow-up,ContactPoint + WorkflowTask,contract_workspace.py + contract_workspace_routers.py,canonical readback / append-only audit / owning-domain record,CONTRACT_EDIT,test_contract_operational_contacts.py,PASS,"Current exact-head Contract service/read model, capability enforcement, persistence/readback, and focused regression evidence cover this row."
overall flow 7(3).docx,"Table 16, row 7 / A06",A06,Legal names must come from evidence such as the lease/contract; don't casually type a different version,DIRECT,CM15 Authorization/forms sent with Contract / AI assist,Contract,FormsAndAuthorizations / Intelligence,GET /api/admin/contracts/{id}; GET /api/admin/forms,Content Library owns governed Form mutations,Master Content / Forms projection,contract_workspace.py + contract_workspace_routers.py,canonical readback / append-only audit / owning-domain record,CONTRACT_READ + Content Library policy,test_source15_current_contract_controls.py; test_admin_contract_owner_session.py,PASS,"Current exact-head Contract service/read model, capability enforcement, persistence/readback, and focused regression evidence cover this row."
overall flow 7(3).docx,"Table 16, row 8 / A07",A07,"Preserve actual activity/use and change-of-activity scope: workshop, repair/body/paint, administrative building, etc.",BOUNDARY,CM18 Project identity / location context,Contract + owning module,Overview / Sources,GET .../{id}/project-context,Owning Project/Client services,canonical Client/Project/Contract,contract_workspace.py + contract_workspace_routers.py,canonical readback / append-only audit / owning-domain record,CONTRACT_READ,test_admin_contract_owner_session.py,CROSS_MODULE_PASS,Contract exposes the owning module projection/deep link and does not duplicate that module's canonical state machine.
overall flow 7(3).docx,"Table 16, row 9 / A08",A08,"Preserve physical location: locality, industrial zone, street/landmark and useful map/location context",BOUNDARY,CM18 Canonical Project/Contract context,Contract + owning module,Overview / Sources,GET .../{id}/project-context,Owning Project/Client services,canonical Client/Project/Contract,contract_workspace.py + contract_workspace_routers.py,canonical readback / append-only audit / owning-domain record,CONTRACT_READ,test_admin_contract_owner_session.py,CROSS_MODULE_PASS,Contract exposes the owning module projection/deep link and does not duplicate that module's canonical state machine.
overall flow 7(3).docx,"Table 18, row 2 / C01",C01,Every project needs an explicit primary operational contact,DIRECT,CM17 Operational responsibilities / contacts,Contract,ContactRouting / Operations,GET /api/admin/contracts/{id}/operations,POST .../operational-contact-routing; .../missing-document-follow-up,ContactPoint + WorkflowTask,contract_workspace.py + contract_workspace_routers.py,canonical readback / append-only audit / owning-domain record,CONTRACT_EDIT,test_contract_operational_contacts.py,PASS,"Current exact-head Contract service/read model, capability enforcement, persistence/readback, and focused regression evidence cover this row."
overall flow 7(3).docx,"Table 18, row 3 / C02",C02,"Preserve that person's role: representative, Project Manager, garage contact, etc.",DIRECT,CM17 Operational roles / contacts,Contract,ContactRouting / Operations,GET /api/admin/contracts/{id}/operations,POST .../operational-contact-routing; .../missing-document-follow-up,ContactPoint + WorkflowTask,contract_workspace.py + contract_workspace_routers.py,canonical readback / append-only audit / owning-domain record,CONTRACT_EDIT,test_contract_operational_contacts.py,PASS,"Current exact-head Contract service/read model, capability enforcement, persistence/readback, and focused regression evidence cover this row."
overall flow 7(3).docx,"Table 18, row 4 / C03",C03,Store phone/email through canonical contact data,DIRECT,CM17 Operational roles / contacts,Contract,ContactRouting / Operations,GET /api/admin/contracts/{id}/operations,POST .../operational-contact-routing; .../missing-document-follow-up,ContactPoint + WorkflowTask,contract_workspace.py + contract_workspace_routers.py,canonical readback / append-only audit / owning-domain record,CONTRACT_EDIT,test_contract_operational_contacts.py,PASS,"Current exact-head Contract service/read model, capability enforcement, persistence/readback, and focused regression evidence cover this row."
overall flow 7(3).docx,"Table 18, row 5 / C04",C04,Support more than one contact / alternate contacts,DIRECT,CM17 Operational responsibilities / contacts,Contract,ContactRouting / Operations,GET /api/admin/contracts/{id}/operations,POST .../operational-contact-routing; .../missing-document-follow-up,ContactPoint + WorkflowTask,contract_workspace.py + contract_workspace_routers.py,canonical readback / append-only audit / owning-domain record,CONTRACT_EDIT,test_contract_operational_contacts.py,PASS,"Current exact-head Contract service/read model, capability enforcement, persistence/readback, and focused regression evidence cover this row."
overall flow 7(3).docx,"Table 18, row 6 / C05",C05,Contact must have purpose/source/verification/effective state where necessary,DIRECT,CM17 Operational responsibilities / contacts,Contract,ContactRouting / Operations,GET /api/admin/contracts/{id}/operations,POST .../operational-contact-routing; .../missing-document-follow-up,ContactPoint + WorkflowTask,contract_workspace.py + contract_workspace_routers.py,canonical readback / append-only audit / owning-domain record,CONTRACT_EDIT,test_contract_operational_contacts.py,PASS,"Current exact-head Contract service/read model, capability enforcement, persistence/readback, and focused regression evidence cover this row."
overall flow 7(3).docx,"Table 18, row 7 / C06",C06,"If the Owner doesn't remember the exact person's name, do not guess it",DIRECT,CM17 Operational roles / contacts / communications,Contract,ContactRouting / Operations,GET /api/admin/contracts/{id}/operations,POST .../operational-contact-routing; .../missing-document-follow-up,ContactPoint + WorkflowTask,contract_workspace.py + contract_workspace_routers.py,canonical readback / append-only audit / owning-domain record,CONTRACT_EDIT,test_contract_operational_contacts.py,PASS,"Current exact-head Contract service/read model, capability enforcement, persistence/readback, and focused regression evidence cover this row."
overall flow 7(3).docx,"Table 18, row 8 / C07",C07,"At every meaningful project stage, proactively update the client/owner—e.g. “your transaction has moved to Safety”",DIRECT,CM08 Operations / delay / exception control,Contract,Operations,GET /api/admin/contracts/{id}/operations,Contract projection only; no complete alert/send mutation,Contract operations read model,contract_workspace.py + contract_workspace_routers.py,canonical readback / append-only audit / owning-domain record,CONTRACT_READ,test_contract_operational_contacts.py; browser owner hardening,FAIL,"Current operations projection exposes status/risk/next action, but proactive alert and client-stage communication workflow is absent."
overall flow 7(3).docx,"Table 18, row 9 / C08",C08,"Preserve an external communication history: what was communicated, to whom, by whom, when and via which channel",DIRECT,CM17 Operational responsibilities / contacts,Contract,ContactRouting / Operations,GET /api/admin/contracts/{id}/operations,POST .../operational-contact-routing; .../missing-document-follow-up,ContactPoint + WorkflowTask,contract_workspace.py + contract_workspace_routers.py,canonical readback / append-only audit / owning-domain record,CONTRACT_EDIT,test_contract_operational_contacts.py,PASS,"Current exact-head Contract service/read model, capability enforcement, persistence/readback, and focused regression evidence cover this row."
overall flow 7(3).docx,"Table 18, row 10 / C09",C09,Assign the next follow-up to an AMEC person such as Manar,DIRECT,CM17 Operational responsibilities / contacts,Contract,ContactRouting / Operations,GET /api/admin/contracts/{id}/operations,POST .../operational-contact-routing; .../missing-document-follow-up,ContactPoint + WorkflowTask,contract_workspace.py + contract_workspace_routers.py,canonical readback / append-only audit / owning-domain record,CONTRACT_EDIT,test_contract_operational_contacts.py,PASS,"Current exact-head Contract service/read model, capability enforcement, persistence/readback, and focused regression evidence cover this row."
overall flow 7(3).docx,"Table 20, row 8 / E07",E07,"When technical/regulatory work reaches the appropriate completed milestone, evaluate/raise the final invoice",BOUNDARY,CM13 Contract→Finance context / invoice trigger,Contract + owning module,Operations & Billing,GET .../{id}/billing-context,Navigation/deep link to Billing; Contract does not mutate invoices/payments,Billing read model,contract_workspace.py + contract_workspace_routers.py,canonical readback / append-only audit / owning-domain record,CONTRACT_READ (Billing owns mutation),test_admin_contract_owner_session.py,CROSS_MODULE_PASS,Contract exposes the owning module projection/deep link and does not duplicate that module's canonical state machine.
overall flow 8(3).docx,"Table 2, row 4 / A03",A03,Designs/services must comply with applicable state regulations,DIRECT,CM12 ServiceEngagement / Service Scope setup,Contract + owning module,ServiceScopeSetup / Handover,GET .../{id}/project-context,POST /api/handover/service-engagements (owning module),Handover ServiceEngagement,contract_workspace.py + contract_workspace_routers.py,canonical readback / append-only audit / owning-domain record,SERVICE_SCOPE_CREATE (Handover),test_handover_final_closure_bridge.py,CROSS_MODULE_PASS,Contract exposes the owning module projection/deep link and does not duplicate that module's canonical state machine.
overall flow 8(3).docx,"Table 3, row 3 / B02",B02,"Project Manager may be a separate organization, or the Consultant may perform that function",OUT_OF_SCOPE,None None,Outside Contract scope,Out-of-scope evidence,N/A,N/A,scope ledger,contract_workspace.py + contract_workspace_routers.py,canonical readback / append-only audit / owning-domain record,owning-module capability,scope evidence,NOT_APPLICABLE_WITH_PROOF,Workbook scope marks this row outside Contract/Mobilization; the owning module remains responsible.
overall flow 8(3).docx,"Table 3, row 4 / B03",B03,Consultant's design/licensing responsibility is distinct from supervision responsibility,OUT_OF_SCOPE,None None,Outside Contract scope,Out-of-scope evidence,N/A,N/A,scope ledger,contract_workspace.py + contract_workspace_routers.py,canonical readback / append-only audit / owning-domain record,owning-module capability,scope evidence,NOT_APPLICABLE_WITH_PROOF,Workbook scope marks this row outside Contract/Mobilization; the owning module remains responsible.
overall flow 8(3).docx,"Table 3, row 5 / B04",B04,"Architecture, Structural, Electrical, Mechanical and Safety disciplines must remain distinguishable",OUT_OF_SCOPE,None None,Outside Contract scope,Out-of-scope evidence,N/A,N/A,scope ledger,contract_workspace.py + contract_workspace_routers.py,canonical readback / append-only audit / owning-domain record,owning-module capability,scope evidence,NOT_APPLICABLE_WITH_PROOF,Workbook scope marks this row outside Contract/Mobilization; the owning module remains responsible.
overall flow 8(3).docx,"Table 3, row 6 / B05",B05,Engineering disciplines must coordinate rather than work as independent document silos,OUT_OF_SCOPE,None None,Outside Contract scope,Out-of-scope evidence,N/A,N/A,scope ledger,contract_workspace.py + contract_workspace_routers.py,canonical readback / append-only audit / owning-domain record,owning-module capability,scope evidence,NOT_APPLICABLE_WITH_PROOF,Workbook scope marks this row outside Contract/Mobilization; the owning module remains responsible.
overall flow 8(3).docx,"Table 4, row 3 / C02",C02,Design service produces coordinated technical drawings/deliverables,DIRECT,CM12 ServiceEngagement / Service Scope setup,Contract + owning module,ServiceScopeSetup / Handover,GET .../{id}/project-context,POST /api/handover/service-engagements (owning module),Handover ServiceEngagement,contract_workspace.py + contract_workspace_routers.py,canonical readback / append-only audit / owning-domain record,SERVICE_SCOPE_CREATE (Handover),test_handover_final_closure_bridge.py,CROSS_MODULE_PASS,Contract exposes the owning module projection/deep link and does not duplicate that module's canonical state machine.
overall flow 8(3).docx,"Table 4, row 4 / C03",C03,Design service can continue through authority licensing/permit,DIRECT,CM12 ServiceEngagement / Service Scope setup,Contract + owning module,ServiceScopeSetup / Handover,GET .../{id}/project-context,POST /api/handover/service-engagements (owning module),Handover ServiceEngagement,contract_workspace.py + contract_workspace_routers.py,canonical readback / append-only audit / owning-domain record,SERVICE_SCOPE_CREATE (Handover),test_handover_final_closure_bridge.py,CROSS_MODULE_PASS,Contract exposes the owning module projection/deep link and does not duplicate that module's canonical state machine.
overall flow 8(3).docx,"Table 4, row 5 / C04",C04,Supervision reviews contractor shop drawings against approved design,DIRECT,CM04 Maker / checker / independent review,Contract,Review,GET /api/admin/contracts/{id},POST .../checker,ContractRevision maker_checker,contract_workspace.py + contract_workspace_routers.py,canonical readback / append-only audit / owning-domain record,CONTRACT_CHECKER,test_admin_contract_owner_session.py,PASS,"Current exact-head Contract service/read model, capability enforcement, persistence/readback, and focused regression evidence cover this row."
overall flow 8(3).docx,"Table 4, row 6 / C05",C05,Supervision reviews/approves contractor materials,DIRECT,CM04 Maker / checker / independent review,Contract,Review,GET /api/admin/contracts/{id},POST .../checker,ContractRevision maker_checker,contract_workspace.py + contract_workspace_routers.py,canonical readback / append-only audit / owning-domain record,CONTRACT_CHECKER,test_admin_contract_owner_session.py,PASS,"Current exact-head Contract service/read model, capability enforcement, persistence/readback, and focused regression evidence cover this row."
overall flow 8(3).docx,"Table 5, row 8 / D07",D07,Client approval / PO or equivalent transitions accepted business into Contract processing,DIRECT,CM01 Proposal→Contract accepted commercial baseline,Contract,ContractRegister / Commercial,GET /api/admin/contracts/{id},POST /api/admin/contracts/from-proposal/{proposal_id}; PATCH /api/admin/contracts/{id},AcceptedProposalRevision + ContractRevision,contract_workspace.py + contract_workspace_routers.py,canonical readback / append-only audit / owning-domain record,CONTRACT_EDIT / CONTRACT_READ,test_admin_contract_owner_session.py; proposals-contract tests,PASS,"Current exact-head Contract service/read model, capability enforcement, persistence/readback, and focused regression evidence cover this row."
overall flow 8(3).docx,"Table 5, row 9 / D08",D08,Delivery/Engineering does not start working from an unaccepted BD opportunity; controlled handoff occurs later,BOUNDARY,CM14 Downstream handoff,Contract + owning module,Project context / Handover,GET .../{id}/project-context,Owning Engineering/Permit handoff action,Engineering/Permit owning workflow,contract_workspace.py + contract_workspace_routers.py,canonical readback / append-only audit / owning-domain record,owning Engineering/Permit capability,test_handover_final_closure_bridge.py,CROSS_MODULE_PASS,Contract exposes the owning module projection/deep link and does not duplicate that module's canonical state machine.
overall flow 8(3).docx,"Table 6, row 2 / E01",E01,"BD→Admin handoff includes tender/RFQ email, tender docs, owner documents, accepted Proposal and associated evidence",DIRECT,CM01 Proposal→Contract accepted commercial baseline,Contract,ContractRegister / Commercial,GET /api/admin/contracts/{id},POST /api/admin/contracts/from-proposal/{proposal_id}; PATCH /api/admin/contracts/{id},AcceptedProposalRevision + ContractRevision,contract_workspace.py + contract_workspace_routers.py,canonical readback / append-only audit / owning-domain record,CONTRACT_EDIT / CONTRACT_READ,test_admin_contract_owner_session.py; proposals-contract tests,PASS,"Current exact-head Contract service/read model, capability enforcement, persistence/readback, and focused regression evidence cover this row."
overall flow 8(3).docx,"Table 6, row 3 / E02",E02,Contract derives from an approved/controlled AMEC/authority-compatible template,DIRECT,CM02 Controlled Contract template / generation,Contract,ContractSourceIntake / Forms,GET /api/admin/contracts/{id},POST /api/admin/contracts/{id}/documents/upload,MasterContentItem + ContractTemplateSnapshot,contract_workspace.py + contract_workspace_routers.py,canonical readback / append-only audit / owning-domain record,CONTRACT_EDIT,test_admin_contract_owner_session.py; Content Library tests,PASS,"Current exact-head Contract service/read model, capability enforcement, persistence/readback, and focused regression evidence cover this row."
overall flow 8(3).docx,"Table 6, row 4 / E03",E03,"Contract preserves commercial truth from Proposal: scope, price, payment terms, penalties/conditions",DIRECT,CM01 Proposal→Contract accepted commercial baseline,Contract,ContractRegister / Commercial,GET /api/admin/contracts/{id},POST /api/admin/contracts/from-proposal/{proposal_id}; PATCH /api/admin/contracts/{id},AcceptedProposalRevision + ContractRevision,contract_workspace.py + contract_workspace_routers.py,canonical readback / append-only audit / owning-domain record,CONTRACT_EDIT / CONTRACT_READ,test_admin_contract_owner_session.py; proposals-contract tests,PASS,"Current exact-head Contract service/read model, capability enforcement, persistence/readback, and focused regression evidence cover this row."
overall flow 8(3).docx,"Table 6, row 5 / E04",E04,Contract/project setup includes a structured client-document checklist,BOUNDARY,CM11 Client document collection / minimum Design handoff readiness,Contract,ContractSourceIntake / MissingDocumentFollowup,GET /api/admin/contracts/{id},POST .../documents/upload; POST .../missing-document-follow-up,DocumentVersion + readiness/work task,contract_workspace.py + contract_workspace_routers.py,canonical readback / append-only audit / owning-domain record,CONTRACT_EDIT,test_admin_contract_owner_session.py; test_handover_final_closure_bridge.py,PASS,"Current exact-head Contract service/read model, capability enforcement, persistence/readback, and focused regression evidence cover this row."
overall flow 8(3).docx,"Table 6, row 6 / E05",E05,Required authorization/forms should be assembled and sent with the Contract rather than repeatedly disturbing the client later,DIRECT,CM15 Authorization/forms sent with Contract / AI assist,Contract,FormsAndAuthorizations / Intelligence,GET /api/admin/contracts/{id}; GET /api/admin/forms,Content Library owns governed Form mutations,Master Content / Forms projection,contract_workspace.py + contract_workspace_routers.py,canonical readback / append-only audit / owning-domain record,CONTRACT_READ + Content Library policy,test_source15_current_contract_controls.py; test_admin_contract_owner_session.py,PASS,"Current exact-head Contract service/read model, capability enforcement, persistence/readback, and focused regression evidence cover this row."
overall flow 8(3).docx,"Table 6, row 7 / E06",E06,Client/Owner signs the delegation/authorization; AMEC cannot sign on their behalf,DIRECT,CM15 Human/AI protected form authority,Contract,FormsAndAuthorizations / Intelligence,GET /api/admin/contracts/{id}; GET /api/admin/forms,Content Library owns governed Form mutations,Master Content / Forms projection,contract_workspace.py + contract_workspace_routers.py,canonical readback / append-only audit / owning-domain record,CONTRACT_READ + Content Library policy,test_source15_current_contract_controls.py; test_admin_contract_owner_session.py,PASS,"Current exact-head Contract service/read model, capability enforcement, persistence/readback, and focused regression evidence cover this row."
overall flow 8(3).docx,"Table 6, row 8 / E07",E07,AI may read source documents and populate Contract/forms,DIRECT,CM02 Controlled Contract template / generation,Contract,ContractSourceIntake / Forms,GET /api/admin/contracts/{id},POST /api/admin/contracts/{id}/documents/upload,MasterContentItem + ContractTemplateSnapshot,contract_workspace.py + contract_workspace_routers.py,canonical readback / append-only audit / owning-domain record,CONTRACT_EDIT,test_admin_contract_owner_session.py; Content Library tests,PASS,"Current exact-head Contract service/read model, capability enforcement, persistence/readback, and focused regression evidence cover this row."
overall flow 8(3).docx,"Table 6, row 9 / E08",E08,Human reviews/accepts AI output; AI cannot autonomously sign/approve/send protected forms,DIRECT,CM15 Human/AI protected form authority,Contract,FormsAndAuthorizations / Intelligence,GET /api/admin/contracts/{id}; GET /api/admin/forms,Content Library owns governed Form mutations,Master Content / Forms projection,contract_workspace.py + contract_workspace_routers.py,canonical readback / append-only audit / owning-domain record,CONTRACT_READ + Content Library policy,test_source15_current_contract_controls.py; test_admin_contract_owner_session.py,PASS,"Current exact-head Contract service/read model, capability enforcement, persistence/readback, and focused regression evidence cover this row."
overall flow 8(3).docx,"Table 6, row 10 / E09",E09,"Signed Contract/forms and source evidence require versioned, durable storage/provenance",DIRECT,CM06 Executed/signed Contract evidence & client delivery,Contract,ContractExecutionHandoff,GET /api/admin/contracts/{id},POST .../executed-evidence; .../client-copy-distribution; .../operations-handoff,DocumentVersion + ContractAdminEvidence,contract_workspace.py + contract_workspace_routers.py,canonical readback / append-only audit / owning-domain record,CONTRACT_EXECUTION / CONTRACT_HANDOFF,test_admin_contract_owner_session.py; browser owner hardening,PASS,"Current exact-head Contract service/read model, capability enforcement, persistence/readback, and focused regression evidence cover this row."
overall flow 8(3).docx,"Table 6, row 11 / E10",E10,"Existing-building work must preserve Old Approval, old drawings/licenses, owner documents and Owner/BD sketches as Engineering handoff evidence",BOUNDARY,CM14 Downstream handoff,Contract + owning module,Project context / Handover,GET .../{id}/project-context,Owning Engineering/Permit handoff action,Engineering/Permit owning workflow,contract_workspace.py + contract_workspace_routers.py,canonical readback / append-only audit / owning-domain record,owning Engineering/Permit capability,test_handover_final_closure_bridge.py,CROSS_MODULE_PASS,Contract exposes the owning module projection/deep link and does not duplicate that module's canonical state machine.
overall flow 8(3).docx,"Table 7, row 2 / F01",F01,Engineer receives a governed Contract/Project/service handoff before working,BOUNDARY,CM14 Downstream Engineering/Permit handoff context,Contract + owning module,Project context / Handover,GET .../{id}/project-context,Owning Engineering/Permit handoff action,Engineering/Permit owning workflow,contract_workspace.py + contract_workspace_routers.py,canonical readback / append-only audit / owning-domain record,owning Engineering/Permit capability,test_handover_final_closure_bridge.py,CROSS_MODULE_PASS,Contract exposes the owning module projection/deep link and does not duplicate that module's canonical state machine.
overall flow 8(3).docx,"Table 8, row 2 / G01",G01,Exact Contract/service scope defines invoice events/payment conditions,DIRECT,CM07 Contract terms / payment schedule / deliverables / client inputs,Contract,ContractRevisionEditor / ContractCommitments,GET /api/admin/contracts/{id},PATCH .../{id}; POST .../commercial-terms; .../deliverables; .../client-inputs,ContractRevision-bound commitment rows,contract_workspace.py + contract_workspace_routers.py,canonical readback / append-only audit / owning-domain record,CONTRACT_EDIT,test_admin_contract_owner_session.py,PASS,"Current exact-head Contract service/read model, capability enforcement, persistence/readback, and focused regression evidence cover this row."
overall flow 8(3).docx,"Table 8, row 3 / G02",G02,Operations/project tracker should know when the next invoice becomes due from project/service progress,BOUNDARY,CM13 Contract→Finance context / invoice trigger,Contract + owning module,Operations & Billing,GET .../{id}/billing-context,Navigation/deep link to Billing; Contract does not mutate invoices/payments,Billing read model,contract_workspace.py + contract_workspace_routers.py,canonical readback / append-only audit / owning-domain record,CONTRACT_READ (Billing owns mutation),test_admin_contract_owner_session.py,CROSS_MODULE_PASS,Contract exposes the owning module projection/deep link and does not duplicate that module's canonical state machine.
overall flow 8(3).docx,"Table 8, row 4 / G03",G03,Invoice preparation should reuse Contract client/project/contact truth rather than retyping,BOUNDARY,CM13 Contract→Finance context / invoice trigger,Contract + owning module,Operations & Billing,GET .../{id}/billing-context,Navigation/deep link to Billing; Contract does not mutate invoices/payments,Billing read model,contract_workspace.py + contract_workspace_routers.py,canonical readback / append-only audit / owning-domain record,CONTRACT_READ (Billing owns mutation),test_admin_contract_owner_session.py,CROSS_MODULE_PASS,Contract exposes the owning module projection/deep link and does not duplicate that module's canonical state machine.
overall flow 8(3).docx,"Table 8, row 5 / G04",G04,Invoice may be delivered/followed up through WhatsApp/email using the correct contact,BOUNDARY,CM13 Finance contact/follow-up boundary,Contract + owning module,Operations & Billing,GET .../{id}/billing-context,Navigation/deep link to Billing; Contract does not mutate invoices/payments,Billing read model,contract_workspace.py + contract_workspace_routers.py,canonical readback / append-only audit / owning-domain record,CONTRACT_READ (Billing owns mutation),test_admin_contract_owner_session.py,CROSS_MODULE_PASS,Contract exposes the owning module projection/deep link and does not duplicate that module's canonical state machine.
overall flow 8(3).docx,"Table 8, row 6 / G05",G05,Administrative invoice follow-up is separate from cheque/accounting handling,BOUNDARY,CM13 Contract→Finance context / invoice trigger,Contract + owning module,Operations & Billing,GET .../{id}/billing-context,Navigation/deep link to Billing; Contract does not mutate invoices/payments,Billing read model,contract_workspace.py + contract_workspace_routers.py,canonical readback / append-only audit / owning-domain record,CONTRACT_READ (Billing owns mutation),test_admin_contract_owner_session.py,CROSS_MODULE_PASS,Contract exposes the owning module projection/deep link and does not duplicate that module's canonical state machine.
overall flow 8(3).docx,"Table 8, row 7 / G06",G06,Third-Party service can require 100% payment upfront,DIRECT,CM12 ServiceEngagement / Service Scope setup,Contract + owning module,ServiceScopeSetup / Handover,GET .../{id}/project-context,POST /api/handover/service-engagements (owning module),Handover ServiceEngagement,contract_workspace.py + contract_workspace_routers.py,canonical readback / append-only audit / owning-domain record,SERVICE_SCOPE_CREATE (Handover),test_handover_final_closure_bridge.py,CROSS_MODULE_PASS,Contract exposes the owning module projection/deep link and does not duplicate that module's canonical state machine.
overall flow 8(3).docx,"Table 8, row 8 / G07",G07,Supervision normally uses a monthly recurring invoice,DIRECT,CM12 ServiceEngagement / Service Scope setup,Contract + owning module,ServiceScopeSetup / Handover,GET .../{id}/project-context,POST /api/handover/service-engagements (owning module),Handover ServiceEngagement,contract_workspace.py + contract_workspace_routers.py,canonical readback / append-only audit / owning-domain record,SERVICE_SCOPE_CREATE (Handover),test_handover_final_closure_bridge.py,CROSS_MODULE_PASS,Contract exposes the owning module projection/deep link and does not duplicate that module's canonical state machine.
overall flow 8(3).docx,"Table 8, row 9 / G08",G08,"Design/Licensing invoices can be milestone-based—advance, Architectural approval, DC1, license, DC2/final delivery, etc.—and vary by Contract",BOUNDARY,CM13 Contract→Finance context / invoice trigger,Contract + owning module,Operations & Billing,GET .../{id}/billing-context,Navigation/deep link to Billing; Contract does not mutate invoices/payments,Billing read model,contract_workspace.py + contract_workspace_routers.py,canonical readback / append-only audit / owning-domain record,CONTRACT_READ (Billing owns mutation),test_admin_contract_owner_session.py,CROSS_MODULE_PASS,Contract exposes the owning module projection/deep link and does not duplicate that module's canonical state machine.
overall flow 8(3).docx,"Table 8, row 10 / G09",G09,"Fixed monthly Supervision invoices may reuse description/value while period/date/reference advance, but only when controlled by Contract",BOUNDARY,CM13 Contract→Finance context / invoice trigger,Contract + owning module,Operations & Billing,GET .../{id}/billing-context,Navigation/deep link to Billing; Contract does not mutate invoices/payments,Billing read model,contract_workspace.py + contract_workspace_routers.py,canonical readback / append-only audit / owning-domain record,CONTRACT_READ (Billing owns mutation),test_admin_contract_owner_session.py,CROSS_MODULE_PASS,Contract exposes the owning module projection/deep link and does not duplicate that module's canonical state machine.
overall flow 8(3).docx,"Table 10, row 3 / I02",I02,"Work, documents, authority status, invoices and Handover must remain linked to the same Project/Contract rather than separate Excel truths",BOUNDARY,CM13 Contract→Finance context / invoice trigger,Contract + owning module,Operations & Billing,GET .../{id}/billing-context,Navigation/deep link to Billing; Contract does not mutate invoices/payments,Billing read model,contract_workspace.py + contract_workspace_routers.py,canonical readback / append-only audit / owning-domain record,CONTRACT_READ (Billing owns mutation),test_admin_contract_owner_session.py,CROSS_MODULE_PASS,Contract exposes the owning module projection/deep link and does not duplicate that module's canonical state machine.
overall flow 8(3).docx,"Table 14, row 8 / A07",A07,Owner/client identity should be verified against governing evidence such as lease/contract rather than transcription/memory,DIRECT,CM15 Authorization/forms sent with Contract / AI assist,Contract,FormsAndAuthorizations / Intelligence,GET /api/admin/contracts/{id}; GET /api/admin/forms,Content Library owns governed Form mutations,Master Content / Forms projection,contract_workspace.py + contract_workspace_routers.py,canonical readback / append-only audit / owning-domain record,CONTRACT_READ + Content Library policy,test_source15_current_contract_controls.py; test_admin_contract_owner_session.py,PASS,"Current exact-head Contract service/read model, capability enforcement, persistence/readback, and focused regression evidence cover this row."
overall flow 8(3).docx,"Table 15, row 3 / B02",B02,Preserve Contract Date,DIRECT,CM07 Contract terms / payment schedule / deliverables / client inputs,Contract,ContractRevisionEditor / ContractCommitments,GET /api/admin/contracts/{id},PATCH .../{id}; POST .../commercial-terms; .../deliverables; .../client-inputs,ContractRevision-bound commitment rows,contract_workspace.py + contract_workspace_routers.py,canonical readback / append-only audit / owning-domain record,CONTRACT_EDIT,test_admin_contract_owner_session.py,PASS,"Current exact-head Contract service/read model, capability enforcement, persistence/readback, and focused regression evidence cover this row."
overall flow 8(3).docx,"Table 15, row 4 / B03",B03,Preserve Contract Period/Days distinctly from permit/authority work periods,DIRECT,CM07 Contract terms / payment schedule / deliverables / client inputs,Contract,ContractRevisionEditor / ContractCommitments,GET /api/admin/contracts/{id},PATCH .../{id}; POST .../commercial-terms; .../deliverables; .../client-inputs,ContractRevision-bound commitment rows,contract_workspace.py + contract_workspace_routers.py,canonical readback / append-only audit / owning-domain record,CONTRACT_EDIT,test_admin_contract_owner_session.py,PASS,"Current exact-head Contract service/read model, capability enforcement, persistence/readback, and focused regression evidence cover this row."
overall flow 8(3).docx,"Table 15, row 5 / B04",B04,Make outstanding Balance/commercial amount visible in project context,BOUNDARY,CM13 Finance contact/follow-up boundary,Contract + owning module,Operations & Billing,GET .../{id}/billing-context,Navigation/deep link to Billing; Contract does not mutate invoices/payments,Billing read model,contract_workspace.py + contract_workspace_routers.py,canonical readback / append-only audit / owning-domain record,CONTRACT_READ (Billing owns mutation),test_admin_contract_owner_session.py,CROSS_MODULE_PASS,Contract exposes the owning module projection/deep link and does not duplicate that module's canonical state machine.
overall flow 8(3).docx,"Table 15, row 6 / B05",B05,Represent Advance Payment/prepayment separately and accurately,DIRECT,CM09 Advance / pre-start commercial gate,Contract,Mobilization,GET .../{id}/start-prerequisites; .../readiness-states,POST .../activate-project after readiness,Contract readiness/prerequisite projection,contract_workspace.py + contract_workspace_routers.py,canonical readback / append-only audit / owning-domain record,CONTRACT_READ / PROJECT_ACTIVATE,test_admin_contract_owner_session.py; test_contract_mobilization_gap_closure.py,FAIL,Current gate is configurable/readiness-based; exact Contract-derived advance/start prerequisite chain is not complete.
overall flow 8(3).docx,"Table 17, row 8 / D07",D07,"Evidence remains versioned, source-linked and non-destructively historized",DIRECT,CM15 Human/AI protected form authority,Contract,FormsAndAuthorizations / Intelligence,GET /api/admin/contracts/{id}; GET /api/admin/forms,Content Library owns governed Form mutations,Master Content / Forms projection,contract_workspace.py + contract_workspace_routers.py,canonical readback / append-only audit / owning-domain record,CONTRACT_READ + Content Library policy,test_source15_current_contract_controls.py; test_admin_contract_owner_session.py,PASS,"Current exact-head Contract service/read model, capability enforcement, persistence/readback, and focused regression evidence cover this row."
overall flow 8(3).docx,"Table 17, row 9 / D08",D08,Project history must be reconstructible from governed evidence rather than one employee's memory,DIRECT,CM08 Operations handoff / contract operational monitoring,Contract + owning module,Operations,GET /api/admin/contracts/{id}/operations,Contract projection only; no complete alert/send mutation,Contract operations read model,contract_workspace.py + contract_workspace_routers.py,canonical readback / append-only audit / owning-domain record,CONTRACT_READ,test_contract_operational_contacts.py; browser owner hardening,CROSS_MODULE_PASS,Contract exposes the owning module projection/deep link and does not duplicate that module's canonical state machine.
overall flow 8(3).docx,"Table 18, row 2 / E01",E01,Every project has an explicit primary operational follow-up contact,DIRECT,CM17 Operational roles / contacts,Contract,ContactRouting / Operations,GET /api/admin/contracts/{id}/operations,POST .../operational-contact-routing; .../missing-document-follow-up,ContactPoint + WorkflowTask,contract_workspace.py + contract_workspace_routers.py,canonical readback / append-only audit / owning-domain record,CONTRACT_EDIT,test_contract_operational_contacts.py,PASS,"Current exact-head Contract service/read model, capability enforcement, persistence/readback, and focused regression evidence cover this row."
overall flow 8(3).docx,"Table 18, row 3 / E02",E02,Their telephone number is immediately available,DIRECT,CM17 Operational roles / contacts,Contract,ContactRouting / Operations,GET /api/admin/contracts/{id}/operations,POST .../operational-contact-routing; .../missing-document-follow-up,ContactPoint + WorkflowTask,contract_workspace.py + contract_workspace_routers.py,canonical readback / append-only audit / owning-domain record,CONTRACT_EDIT,test_contract_operational_contacts.py,PASS,"Current exact-head Contract service/read model, capability enforcement, persistence/readback, and focused regression evidence cover this row."
overall flow 8(3).docx,"Table 18, row 4 / E03",E03,Contact person is not silently equated with owner/client,DIRECT,CM17 Operational roles / contacts,Contract,ContactRouting / Operations,GET /api/admin/contracts/{id}/operations,POST .../operational-contact-routing; .../missing-document-follow-up,ContactPoint + WorkflowTask,contract_workspace.py + contract_workspace_routers.py,canonical readback / append-only audit / owning-domain record,CONTRACT_EDIT,test_contract_operational_contacts.py,PASS,"Current exact-head Contract service/read model, capability enforcement, persistence/readback, and focused regression evidence cover this row."
overall flow 8(3).docx,"Table 18, row 5 / E04",E04,Generate/provide proactive client updates at every meaningful authority-stage change,DIRECT,CM17 Operational roles / contacts / communications,Contract,ContactRouting / Operations,GET /api/admin/contracts/{id}/operations,POST .../operational-contact-routing; .../missing-document-follow-up,ContactPoint + WorkflowTask,contract_workspace.py + contract_workspace_routers.py,canonical readback / append-only audit / owning-domain record,CONTRACT_EDIT,test_contract_operational_contacts.py,PASS,"Current exact-head Contract service/read model, capability enforcement, persistence/readback, and focused regression evidence cover this row."
overall flow 8(3).docx,"Table 18, row 6 / E05",E05,Client update should plainly state where the transaction currently is,DIRECT,CM17 Operational roles / contacts / communications,Contract,ContactRouting / Operations,GET /api/admin/contracts/{id}/operations,POST .../operational-contact-routing; .../missing-document-follow-up,ContactPoint + WorkflowTask,contract_workspace.py + contract_workspace_routers.py,canonical readback / append-only audit / owning-domain record,CONTRACT_EDIT,test_contract_operational_contacts.py,PASS,"Current exact-head Contract service/read model, capability enforcement, persistence/readback, and focused regression evidence cover this row."
overall flow 8(3).docx,"Table 18, row 7 / E06",E06,Requests for missing documents/reports go to the correct operational contact,BOUNDARY,CM11 Client document collection / minimum Design handoff readiness,Contract,ContractSourceIntake / MissingDocumentFollowup,GET /api/admin/contracts/{id},POST .../documents/upload; POST .../missing-document-follow-up,DocumentVersion + readiness/work task,contract_workspace.py + contract_workspace_routers.py,canonical readback / append-only audit / owning-domain record,CONTRACT_EDIT,test_admin_contract_owner_session.py; test_handover_final_closure_bridge.py,PASS,"Current exact-head Contract service/read model, capability enforcement, persistence/readback, and focused regression evidence cover this row."
overall flow 8(3).docx,"Table 18, row 8 / E07",E07,Calls/messages/follow-ups are recorded against the project/case,DIRECT,CM08 Operations / delay / exception control,Contract + owning module,Operations,GET /api/admin/contracts/{id}/operations,Contract projection only; no complete alert/send mutation,Contract operations read model,contract_workspace.py + contract_workspace_routers.py,canonical readback / append-only audit / owning-domain record,CONTRACT_READ,test_contract_operational_contacts.py; browser owner hardening,CROSS_MODULE_PASS,Contract exposes the owning module projection/deep link and does not duplicate that module's canonical state machine.
overall flow 8(3).docx,"Table 18, row 9 / E08",E08,Follow-up work can be assigned to Safaa/Manar/etc. without creating those employees as new global personas,DIRECT,CM17 Operational roles / contacts,Contract,ContactRouting / Operations,GET /api/admin/contracts/{id}/operations,POST .../operational-contact-routing; .../missing-document-follow-up,ContactPoint + WorkflowTask,contract_workspace.py + contract_workspace_routers.py,canonical readback / append-only audit / owning-domain record,CONTRACT_EDIT,test_contract_operational_contacts.py,PASS,"Current exact-head Contract service/read model, capability enforcement, persistence/readback, and focused regression evidence cover this row."
overall flow 8(3).docx,"Table 18, row 10 / E09",E09,"System may prepare stage-update communications, but a human controls external send",DIRECT,CM15 Authorization/forms / AI assist boundary,Contract,FormsAndAuthorizations / Intelligence,GET /api/admin/contracts/{id}; GET /api/admin/forms,Content Library owns governed Form mutations,Master Content / Forms projection,contract_workspace.py + contract_workspace_routers.py,canonical readback / append-only audit / owning-domain record,CONTRACT_READ + Content Library policy,test_source15_current_contract_controls.py; test_admin_contract_owner_session.py,PASS,"Current exact-head Contract service/read model, capability enforcement, persistence/readback, and focused regression evidence cover this row."
overall flow 8(3).docx,"Table 19, row 2 / F01",F01,Regulatory/technical milestone can establish an evidenced final invoice due condition,BOUNDARY,CM13 Contract→Finance context / invoice trigger,Contract + owning module,Operations & Billing,GET .../{id}/billing-context,Navigation/deep link to Billing; Contract does not mutate invoices/payments,Billing read model,contract_workspace.py + contract_workspace_routers.py,canonical readback / append-only audit / owning-domain record,CONTRACT_READ (Billing owns mutation),test_admin_contract_owner_session.py,CROSS_MODULE_PASS,Contract exposes the owning module projection/deep link and does not duplicate that module's canonical state machine.
overall flow 8(3).docx,"Table 19, row 4 / F03",F03,Invoice due ≠ issued ≠ delivered ≠ acknowledged ≠ paid ≠ settled ≠ remaining balance,BOUNDARY,CM13 Contract→Finance context / invoice trigger,Contract + owning module,Operations & Billing,GET .../{id}/billing-context,Navigation/deep link to Billing; Contract does not mutate invoices/payments,Billing read model,contract_workspace.py + contract_workspace_routers.py,canonical readback / append-only audit / owning-domain record,CONTRACT_READ (Billing owns mutation),test_admin_contract_owner_session.py,CROSS_MODULE_PASS,Contract exposes the owning module projection/deep link and does not duplicate that module's canonical state machine.
overall flow 8(3).docx,"Table 20, row 2 / G01",G01,Project/property has structured geographic context,BOUNDARY,CM18 Project identity / location context,Contract + owning module,Overview / Sources,GET .../{id}/project-context,Owning Project/Client services,canonical Client/Project/Contract,contract_workspace.py + contract_workspace_routers.py,canonical readback / append-only audit / owning-domain record,CONTRACT_READ,test_admin_contract_owner_session.py,CROSS_MODULE_PASS,Contract exposes the owning module projection/deep link and does not duplicate that module's canonical state machine.
overall flow 8(3).docx,"Table 20, row 3 / G02",G02,"Area, street, plot/address/landmark context can be retained",BOUNDARY,CM18 Project identity / location context,Contract + owning module,Overview / Sources,GET .../{id}/project-context,Owning Project/Client services,canonical Client/Project/Contract,contract_workspace.py + contract_workspace_routers.py,canonical readback / append-only audit / owning-domain record,CONTRACT_READ,test_admin_contract_owner_session.py,CROSS_MODULE_PASS,Contract exposes the owning module projection/deep link and does not duplicate that module's canonical state machine.
overall flow 8(3).docx,"Table 20, row 4 / G03",G03,Project orientation can include linked map/site imagery or equivalent geospatial evidence,BOUNDARY,CM18 Project identity / location context,Contract + owning module,Overview / Sources,GET .../{id}/project-context,Owning Project/Client services,canonical Client/Project/Contract,contract_workspace.py + contract_workspace_routers.py,canonical readback / append-only audit / owning-domain record,CONTRACT_READ,test_admin_contract_owner_session.py,CROSS_MODULE_PASS,Contract exposes the owning module projection/deep link and does not duplicate that module's canonical state machine.
overall flow 8(3).docx,"Table 20, row 5 / G04",G04,Canonical Property/Project location should remove the need for repeated ad-hoc Google searching,BOUNDARY,CM18 Canonical Project/Contract context,Contract + owning module,Overview / Sources,GET .../{id}/project-context,Owning Project/Client services,canonical Client/Project/Contract,contract_workspace.py + contract_workspace_routers.py,canonical readback / append-only audit / owning-domain record,CONTRACT_READ,test_admin_contract_owner_session.py,CROSS_MODULE_PASS,Contract exposes the owning module projection/deep link and does not duplicate that module's canonical state machine.
overall flow 2(3).docx,Narrative §26 / OF2-START-PREREQ,OF2-START-PREREQ,"Contract-specific Project Start prerequisites may include Contract executed, advance payment verified, client Architecture approved, client input received, or another contractual condition; all required prerequisites must be satisfied before Project Start Ready, while human Project Activation remains a separate human action.",DIRECT,CM09 Advance / pre-start commercial gate,Contract,Mobilization,GET .../{id}/start-prerequisites; .../readiness-states,POST .../activate-project after readiness,Contract readiness/prerequisite projection,contract_workspace.py + contract_workspace_routers.py,canonical readback / append-only audit / owning-domain record,CONTRACT_READ / PROJECT_ACTIVATE,test_admin_contract_owner_session.py; test_contract_mobilization_gap_closure.py,FAIL,Current gate is configurable/readiness-based; exact Contract-derived advance/start prerequisite chain is not complete.
